Date,Maximum,Minimum,Average,Mean_Lake_Temperature
1/1/15,30,21,25.5,36.8975
1/2/15,32,15,23.5,36.899375
1/3/15,27,9,18,37.660625
1/4/15,46,27,36.5,37.469375
1/5/15,41,8,24.5,36.88625
1/6/15,16,7,11.5,35.279375
1/7/15,19,-8,5.5,33.910625
1/8/15,17,-11,3,33.845
1/9/15,24,15,19.5,32.905625
1/10/15,20,14,17,32.58125
1/11/15,27,13,20,32.60375
1/12/15,31,15,23,33.095
1/13/15,15,-6,4.5,35.755625
1/14/15,22,-8,7,36.359375
1/15/15,24,-4,10,34.409375
1/16/15,26,5,15.5,32.98625
1/17/15,21,-7,7,34.25852632
1/18/15,39,21,30,33.396875
1/19/15,37,21,29,34.8575
1/20/15,25,6,15.5,33.93125
1/21/15,24,0,12,34.6025
1/22/15,23,4,13.5,34.686875
1/23/15,30,9,19.5,34.1
1/24/15,37,26,31.5,33.205625
1/25/15,33,1,17,33.4625
1/26/15,11,-4,3.5,34.6475
1/27/15,10,5,7.5,33.4325
1/28/15,19,2,10.5,33.75125
1/29/15,31,-5,13,33.835625
1/30/15,29,5,17,32.2475
1/31/15,8,-7,0.5,32.94351648
2/1/15,9,-5,2,33.5225
2/2/15,0,-3,-1.5,33.483125
2/3/15,19,-13,3,33.53375
2/4/15,30,17,23.5,32.975
2/5/15,26,-9,8.5,32.545625
2/6/15,19,-14,2.5,32.313125
2/7/15,18,9,13.5,32.200625
2/8/15,10,4,7,32.18
2/9/15,15,9,12,32.18
2/10/15,18,3,10.5,32.18
2/11/15,20,-5,7.5,32.18
2/12/15,27,4,15.5,32.286875
2/13/15,6,-11,-2.5,32.36
2/14/15,17,-12,2.5,32.36
2/15/15,11,-6,2.5,32.3975
2/16/15,8,-11,-1.5,32.54
2/17/15,14,-16,-1,32.555
2/18/15,25,-9,8,32.72
2/19/15,16,2,9,32.759375
2/20/15,15,-2,6.5,32.89625
2/21/15,23,3,13,32.72
2/22/15,34,19,26.5,32.714375
2/23/15,29,-15,7,32.72
2/24/15,17,-19,-1,32.72
2/25/15,28,12,20,32.82875
2/26/15,12,2,7,33.048125
2/27/15,20,-8,6,33.168125
2/28/15,24,-8,8,33.25625
3/1/15,28,-2,13,33.22625
3/2/15,30,14,22,33.190625
3/3/15,27,0,13.5,33.08
3/4/15,40,27,33.5,33.08
3/5/15,30,-2,14,33.153125
3/6/15,24,-10,7,33.245
3/7/15,30,16,23,33.393125
3/8/15,34,22,28,33.45565217
3/9/15,42,27,34.5,33.44
3/10/15,49,31,40,33.509375
3/11/15,50,36,43,33.68
3/12/15,35,17,26,33.9875
3/13/15,32,12,22,34.120625
3/14/15,42,30,36,34.135625
3/15/15,38,21,29.5,34.025
3/16/15,40,13,26.5,34.113125
3/17/15,40,22,31,34.1825
3/18/15,24,15,19.5,34.3325
3/19/15,29,11,20,34.5275
3/20/15,37,14,25.5,34.75625
3/21/15,41,22,31.5,34.938125
3/22/15,22,10,16,35.06
3/23/15,23,8,15.5,35.358125
3/24/15,37,9,23,35.463125
3/25/15,49,18,33.5,35.31125
3/26/15,45,34,39.5,35.19125
3/27/15,36,28,32,35.09
3/28/15,29,16,22.5,35.3375
3/29/15,41,13,27,35.751875
3/30/15,42,34,38,35.58875
3/31/15,41,24,32.5,35.463125
4/1/15,39,20,29.5,35.643125
4/2/15,61,22,41.5,35.67875
4/3/15,69,47,58,36.05375
4/4/15,50,28,39,36.54125
4/5/15,41,27,34,36.90875
4/6/15,39,27,33,36.374375
4/7/15,45,27,36,35.84
4/8/15,46,23,34.5,35.9975
4/9/15,45,31,38,35.691875
4/10/15,54,37,45.5,34.653125
4/11/15,51,31,41,33.81125
4/12/15,67,28,47.5,34.66625
4/13/15,75,35,55,35.3225
4/14/15,65,38,51.5,36.745625
4/15/15,57,31,44,37.765625
4/16/15,67,28,47.5,38.065625
4/17/15,69,46,57.5,39.04625
4/18/15,65,41,53,39.468125
4/19/15,55,38,46.5,40.405625
4/20/15,53,41,47,40.16
4/21/15,56,41,48.5,39.87875
4/22/15,55,38,46.5,38.94125
4/23/15,48,37,42.5,38.155625
4/24/15,39,36,37.5,38.87375
4/25/15,51,35,43,38.920625
4/26/15,54,43,48.5,39.599375
4/27/15,50,42,46,40.0625
4/28/15,61,41,51,40.296875
4/29/15,62,35,48.5,40.59125
4/30/15,65,38,51.5,40.664375
5/1/15,67,47,57,41.736875
5/2/15,76,40,58,41.6975
5/3/15,78,45,61.5,44.163125
5/4/15,86,48,67,48.02375
5/5/15,71,48,59.5,46.135625
5/6/15,78,42,60,44.894375
5/7/15,85,46,65.5,48.505625
5/8/15,88,51,69.5,48.153125
5/9/15,86,63,74.5,49.05875
5/10/15,84,56,70,46.11875
5/11/15,60,52,56,43.7
5/12/15,79,55,67,45.965
5/13/15,61,41,51,46.105625
5/14/15,66,36,51,44.4875
5/15/15,72,38,55,48.85625
5/16/15,76,58,67,50.16875
5/17/15,79,57,68,49.72625
5/18/15,85,52,68.5,52.379375
5/19/15,79,58,68.5,54.850625
5/20/15,60,43,51.5,53.16875
5/21/15,69,41,55,52.116875
5/22/15,61,42,51.5,52.38875
5/23/15,64,39,51.5,47.834375
5/24/15,82,54,68,52.04
5/25/15,74,64,69,52.870625
5/26/15,89,65,77,52.821875
5/27/15,88,70,79,54.57875
5/28/15,80,61,70.5,55.16505263
5/29/15,81,55,68,54.933125
5/30/15,88,67,77.5,57.033125
5/31/15,70,48,59,53.950625
6/1/15,56,49,52.5,50.885
6/2/15,60,45,52.5,52.424375
6/3/15,65,41,53,48.138125
6/4/15,77,44,60.5,53.75
6/5/15,74,63,68.5,56.545625
6/6/15,66,46,56,55.00625
6/7/15,74,42,58,55.0925
6/8/15,70,58,64,56.255
6/9/15,77,60,68.5,55.475
6/10/15,80,58,69,56.841875
6/11/15,80,62,71,58.083125
6/12/15,76,61,68.5,57.47375
6/13/15,81,60,70.5,56.8025
6/14/15,78,57,67.5,57.70625
6/15/15,71,61,66,60.678125
6/16/15,77,63,70,61.998125
6/17/15,74,53,63.5,61.32125
6/18/15,79,56,67.5,62.526875
6/19/15,69,50,59.5,60.5975
6/20/15,80,47,63.5,60.854375
6/21/15,82,65,73.5,62.035625
6/22/15,81,63,72,61.75625
6/23/15,85,65,75,62.913125
6/24/15,78,60,69,61.445
6/25/15,75,57,66,60.11375
6/26/15,78,56,67,61.22375
6/27/15,76,51,63.5,61.859375
6/28/15,65,56,60.5,63.98
6/29/15,70,55,62.5,64.05875
6/30/15,79,54,66.5,64.889375
7/1/15,76,63,69.5,65.59625
7/2/15,76,53,64.5,65.965625
7/3/15,78,49,63.5,66.26375
7/4/15,74,56,65,67.664375
7/5/15,82,59,70.5,68.369375
7/6/15,84,59,71.5,68.6225
7/7/15,85,66,75.5,71.320625
7/8/15,76,58,67,69.6275
7/9/15,74,56,65,68.714375
7/10/15,83,61,72,68.568125
7/11/15,88,59,73.5,69.711875
7/12/15,89,66,77.5,72.580625
7/13/15,88,67,77.5,73.92875
7/14/15,86,71,78.5,75.569375
7/15/15,71,57,64,68.58875
7/16/15,74,50,62,65.41625
7/17/15,79,51,65,68.841875
7/18/15,85,66,75.5,69.75875
7/19/15,89,69,79,70.33625
7/20/15,88,66,77,71.519375
7/21/15,83,63,73,72.156875
7/22/15,77,59,68,71.500625
7/23/15,77,63,70,72.02375
7/24/15,76,59,67.5,71.661875
7/25/15,83,57,70,71.5175
7/26/15,84,68,76,72.9575
7/27/15,87,65,76,74.110625
7/28/15,90,67,78.5,75.006875
7/29/15,93,67,80,76.465625
7/30/15,82,69,75.5,76.765625
7/31/15,83,65,74,76.555625
8/1/15,82,65,73.5,76.214375
8/2/15,83,58,70.5,75.441875
8/3/15,87,66,76.5,75.111875
8/4/15,80,63,71.5,74.838125
8/5/15,79,62,70.5,74.571875
8/6/15,78,64,71,73.42625
8/7/15,76,57,66.5,72.91625
8/8/15,75,53,64,71.688125
8/9/15,82,57,69.5,71.290625
8/10/15,85,59,72,71.82125
8/11/15,76,64,70,72.2
8/12/15,79,63,71,71.945
8/13/15,78,62,70,71.118125
8/14/15,83,56,69.5,71.594375
8/15/15,85,68,76.5,72.18875
8/16/15,86,66,76,72.861875
8/17/15,90,66,78,74.069375
8/18/15,91,67,79,75.989375
8/19/15,90,71,80.5,76.91375
8/20/15,91,75,83,75.974375
8/21/15,81,65,73,75.5675
8/22/15,81,62,71.5,74.748125
8/23/15,84,60,72,73.19375
8/24/15,86,66,76,73.80875
8/25/15,80,65,72.5,74.444375
8/26/15,78,62,70,73.02875
8/27/15,75,59,67,72.813125
8/28/15,79,56,67.5,72.831875
8/29/15,79,56,67.5,73.2875
8/30/15,83,63,73,74.076875
8/31/15,85,61,73,75.329375
9/1/15,85,60,72.5,74.26625
9/2/15,88,59,73.5,75.085625
9/3/15,84,58,71,75.393125
9/4/15,81,52,66.5,73.41125
9/5/15,88,57,72.5,73.870625
9/6/15,90,60,75,74.954375
9/7/15,94,72,83,75.486875
9/8/15,88,72,80,75.83
9/9/15,92,67,79.5,75.348125
9/10/15,75,65,70,75.04625
9/11/15,79,58,68.5,74.51
9/12/15,77,56,66.5,73.91375
9/13/15,73,59,66,73.124375
9/14/15,69,57,63,72.033125
9/15/15,83,57,70,71.819375
9/16/15,85,57,71,73.355
9/17/15,86,58,72,73.71875
9/18/15,86,59,72.5,74.0375
9/19/15,85,68,76.5,73.308125
9/20/15,68,47,57.5,71.93375
9/21/15,71,43,57,70.649375
9/22/15,74,51,62.5,70.128125
9/23/15,78,45,61.5,69.95
9/24/15,72,50,61,70.394375
9/25/15,65,45,55,69.06875
9/26/15,69,38,53.5,68.01875
9/27/15,74,42,58,67.555625
9/28/15,75,61,68,66.966875
9/29/15,74,58,66,67.355
9/30/15,58,48,53,65.91875
10/1/15,58,43,50.5,63.261875
10/2/15,54,38,46,60.755
10/3/15,60,36,48,59.853125
10/4/15,61,38,49.5,60.11375
10/5/15,64,35,49.5,60.719375
10/6/15,63,47,55,61.105625
10/7/15,69,51,60,61.2275
10/8/15,58,37,47.5,60.84875
10/9/15,61,44,52.5,60.03875
10/10/15,53,39,46,59.324375
10/11/15,66,46,56,59.091875
10/12/15,76,56,66,59.493125
10/13/15,68,54,61,59.425625
10/14/15,58,44,51,59.031875
10/15/15,62,31,46.5,58.0925
10/16/15,53,42,47.5,57.6125
10/17/15,46,32,39,56.66375
10/18/15,42,27,34.5,55.608125
10/19/15,48,22,35,54.483125
10/20/15,63,43,53,54.164375
10/21/15,52,45,48.5,54.816875
10/22/15,70,43,56.5,54.7175
10/23/15,45,29,37,53.545625
10/24/15,50,28,39,52.48625
10/25/15,60,44,52,51.92
10/26/15,49,31,40,52.13375
10/27/15,52,27,39.5,52.19829787
10/28/15,52,31,41.5,51.84125
10/29/15,65,46,55.5,51.97625
10/30/15,51,29,40,50.975
10/31/15,48,26,37,50.67125
11/1/15,58,41,49.5,50.6264
11/2/15,58,41,49.5,50.8775
11/3/15,67,42,54.5,50.999375
11/4/15,66,36,51,51.2375
11/5/15,70,57,63.5,52.18625
11/6/15,72,58,65,53.035625
11/7/15,58,45,51.5,52.52
11/8/15,50,31,40.5,51.37625
11/9/15,55,29,42,50.905625
11/10/15,59,29,44,51.063125
11/11/15,57,41,49,51.47
11/12/15,56,41,48.5,51.291875
11/13/15,52,43,47.5,50.73875
11/14/15,43,33,38,49.079375
11/15/15,51,33,42,48.858125
11/16/15,48,29,38.5,49.38125
11/17/15,45,23,34,48.94842105
11/18/15,53,25,39,48.419375
11/19/15,60,52,56,48.419375
11/20/15,52,34,43,48.419375
11/21/15,44,27,35.5,48.725
11/22/15,51,33,42,48.246875
11/23/15,35,26,30.5,46.743125
11/24/15,34,22,28,46.80125
11/25/15,44,26,35,47.163125
11/26/15,51,40,45.5,46.205
11/27/15,61,38,49.5,47.193125
11/28/15,38,31,34.5,47.52875
11/29/15,37,24,30.5,46.626875
11/30/15,34,19,26.5,46.3625
12/1/15,40,19,29.5,45.53
12/2/15,47,40,43.5,46.0925
12/3/15,42,37,39.5,46.510625
12/4/15,45,29,37,45.8525
12/5/15,49,29,39,46.40375
12/6/15,39,26,32.5,45.8825
12/7/15,45,25,35,45.98375
12/8/15,40,25,32.5,45.700625
12/9/15,46,24,35,45.31621053
12/10/15,55,46,50.5,45.756875
12/11/15,56,48,52,46.74125
12/12/15,52,42,47,47.0525
12/13/15,44,34,39,46.62875
12/14/15,58,44,51,46.443125
12/15/15,53,37,45,46.881875
12/16/15,39,35,37,46.23875
12/17/15,52,39,45.5,45.831875
12/18/15,47,37,42,45.974375
12/19/15,37,27,32,44.549375
12/20/15,34,24,29,43.353125
12/21/15,46,34,40,42.764375
12/22/15,50,45,47.5,44.3675
12/23/15,57,39,48,45.595625
12/24/15,68,43,55.5,46.795625
12/25/15,51,35,43,46.385
12/26/15,44,28,36,45.90125
12/27/15,43,28,35.5,45.24875
12/28/15,29,16,22.5,43.694375
12/29/15,32,19,25.5,42.914375
12/30/15,38,24,31,43.105625
12/31/15,39,34,36.5,43.326875
1/1/16,37,31,34,42.74375
1/2/16,35,30,32.5,42.040625
1/3/16,35,18,26.5,42.035
1/4/16,18,2,10,40.668125
1/5/16,15,2,8.5,39.486875
1/6/16,32,13,22.5,38.174375
1/7/16,37,11,24,40.15625
1/8/16,39,13,26,41.035625
1/9/16,43,37,40,41.1575
1/10/16,53,38,45.5,42.19625
1/11/16,39,17,28,41.076875
1/12/16,28,16,22,38.76125
1/13/16,26,14,20,38.89625
1/14/16,26,12,19,37.98875
1/15/16,29,15,22,39.179375
1/16/16,38,23,30.5,38.93
1/17/16,32,24,28,38.710625
1/18/16,27,12,19.5,38.054375
1/19/16,19,7,13,35.32625
1/20/16,27,10,18.5,34.953125
1/21/16,20,10,15,36.228125
1/22/16,27,10,18.5,36.516875
1/23/16,18,4,11,37.356875
1/24/16,24,1,12.5,38.260625
1/25/16,34,16,25,36.725
1/26/16,42,33,37.5,35.073125
1/27/16,41,20,30.5,36.4925
1/28/16,39,16,27.5,36.42610526
1/29/16,37,26,31.5,35.97875
1/30/16,38,21,29.5,36.014375
1/31/16,50,37,43.5,36.1025
2/1/16,53,30,41.5,37.80125
2/2/16,39,26,32.5,38.151875
2/3/16,54,28,41,38.136875
2/4/16,54,34,44,38.526875
2/5/16,35,21,28,38.15375
2/6/16,37,19,28,37.488125
2/7/16,36,19,27.5,36.88625
2/8/16,29,18,23.5,37.10442105
2/9/16,28,19,23.5,37.73
2/10/16,37,22,29.5,37.214375
2/11/16,23,3,13,36.39875
2/12/16,22,0,11,34.65125
2/13/16,20,-12,4,33.175625
2/14/16,3,-13,-5,34.115
2/15/16,22,-9,6.5,34.248125
2/16/16,55,22,38.5,33.14
2/17/16,34,25,29.5,33.39875
2/18/16,25,12,18.5,33.854375
2/19/16,38,8,23,34.454375
2/20/16,48,34,41,33.40625
2/21/16,44,25,34.5,34.975625
2/22/16,25,13,19,35.49125
2/23/16,37,10,23.5,35.65625
2/24/16,37,31,34,34.225625
2/25/16,53,29,41,34.578125
2/26/16,30,14,22,34.30625
2/27/16,37,9,23,34.5425
2/28/16,38,21,29.5,34.5875
2/29/16,50,24,37,35.11625
3/1/16,29,12,20.5,34.923125
3/2/16,37,14,25.5,34.6925
3/3/16,19,5,12,34.664375
3/4/16,29,8,18.5,35.47625
3/5/16,32,10,21,35.455625
3/6/16,41,18,29.5,35.414375
3/7/16,39,32,35.5,34.420625
3/8/16,50,34,42,34.76
3/9/16,70,47,58.5,35.91125
3/10/16,62,36,49,36.30125
3/11/16,42,28,35,36.670625
3/12/16,58,25,41.5,36.70625
3/13/16,50,29,39.5,37.09478261
3/14/16,43,27,35,36.88625
3/15/16,58,37,47.5,37.71125
3/16/16,50,38,44,37.625
3/17/16,60,43,51.5,37.715
3/18/16,45,25,35,37.75625
3/19/16,34,21,27.5,37.379375
3/20/16,37,18,27.5,37.233125
3/21/16,42,24,33,37.33625
3/22/16,47,26,36.5,37.383125
3/23/16,41,33,37,37.480625
3/24/16,40,27,33.5,36.805625
3/25/16,53,32,42.5,37.01
3/26/16,45,30,37.5,37.398125
3/27/16,61,27,44,37.851875
3/28/16,51,37,44,39.1025
3/29/16,43,28,35.5,38.06
3/30/16,58,24,41,38.12193548
3/31/16,67,50,58.5,39.34625
4/1/16,66,45,55.5,40.386875
4/2/16,52,34,43,39.635
4/3/16,34,20,27,38.6975
4/4/16,29,18,23.5,37.885625
4/5/16,33,14,23.5,37.92125
4/6/16,39,18,28.5,37.728
4/7/16,61,35,48,37.728
4/8/16,43,28,35.5,37.65276596
4/9/16,36,24,30,37.570625
4/10/16,41,23,32,38.1725
4/11/16,50,32,41,38.590625
4/12/16,51,39,45,38.856875
4/13/16,47,32,39.5,39.250625
4/14/16,52,27,39.5,39.790625
4/15/16,59,28,43.5,40.761875
4/16/16,61,31,46,40.874375
4/17/16,73,34,53.5,40.525625
4/18/16,60,40,50,41.25875
4/19/16,59,39,49,41.41625
4/20/16,56,36,46,41.3375
4/21/16,76,32,54,40.4768
4/22/16,71,49,60,43.0242623
4/23/16,53,40,46.5,42.5525
4/24/16,53,33,43,41.37875
4/25/16,52,30,41,40.9775
4/26/16,44,31,37.5,41
4/27/16,51,27,39,41.14625
4/28/16,48,27,37.5,41.148125
4/29/16,57,28,42.5,41.465
4/30/16,61,33,47,41.69
5/1/16,51,43,47,42.03875
5/2/16,49,44,46.5,44.061875
5/3/16,53,42,47.5,43.949375
5/4/16,57,42,49.5,43.72752941
5/5/16,62,47,54.5,44.155625
5/6/16,69,44,56.5,42.239375
5/7/16,74,51,62.5,44.405
5/8/16,57,39,48,47.226875
5/9/16,54,37,45.5,44.86625
5/10/16,68,33,50.5,44.718125
5/11/16,70,38,54,44.444375
5/12/16,82,44,63,44.42375
5/13/16,70,59,64.5,48.2
5/14/16,73,47,60,49.641875
5/15/16,52,39,45.5,50.16875
5/16/16,52,37,44.5,48.23375
5/17/16,65,36,50.5,48.12875
5/18/16,64,47,55.5,47.9825
5/19/16,69,48,58.5,48.831875
5/20/16,76,43,59.5,50.774375
5/21/16,77,48,62.5,53.673125
5/22/16,77,53,65,54.23375
5/23/16,81,49,65,54.468125
5/24/16,81,50,65.5,55.885625
5/25/16,84,55,69.5,57.396875
5/26/16,82,55,68.5,56.19548387
5/27/16,91,65,78,59.103125
5/28/16,91,69,80,62.016875
5/29/16,88,65,76.5,61.71125
5/30/16,87,69,78,64.353125
5/31/16,84,63,73.5,64.589375
6/1/16,80,60,70,60.2075
6/2/16,79,66,72.5,62.01125
6/3/16,85,63,74,61.968125
6/4/16,81,57,69,62.455625
6/5/16,70,60,65,62.493125
6/6/16,81,60,70.5,63.7775
6/7/16,73,57,65,63.370625
6/8/16,66,49,57.5,63.6575
6/9/16,58,49,53.5,61.293125
6/10/16,69,50,59.5,57.25625
6/11/16,61,49,55,57.7925
6/12/16,67,50,58.5,57.531875
6/13/16,66,51,58.5,57.05410526
6/14/16,78,51,64.5,57.59375
6/15/16,83,54,68.5,60.539375
6/16/16,82,55,68.5,61.24625
6/17/16,83,51,67,60.719375
6/18/16,88,55,71.5,63.220625
6/19/16,90,61,75.5,66.734375
6/20/16,91,68,79.5,67.263125
6/21/16,78,59,68.5,67.735625
6/22/16,70,54,62,67.02125
6/23/16,78,55,66.5,67.2575
6/24/16,80,52,66,66.895625
6/25/16,88,55,71.5,67.415
6/26/16,91,60,75.5,68.436875
6/27/16,79,71,75,69.014375
6/28/16,86,67,76.5,68.181875
6/29/16,77,62,69.5,66.05375
6/30/16,84,57,70.5,66.93125
7/1/16,84,59,71.5,67.694375
7/2/16,70,55,62.5,68.615
7/3/16,83,53,68,68.72375
7/4/16,87,60,73.5,70.000625
7/5/16,89,62,75.5,70.7675
7/6/16,93,65,79,71.830625
7/7/16,91,68,79.5,72.884375
7/8/16,77,66,71.5,70.89875
7/9/16,70,63,66.5,69.8975
7/10/16,67,60,63.5,69.528125
7/11/16,81,57,69,68.841875
7/12/16,85,57,71,70.5425
7/13/16,91,66,78.5,71.34875
7/14/16,87,73,80,72.41
7/15/16,89,70,79.5,72.125
7/16/16,78,67,72.5,72.93875
7/17/16,84,64,74,71.56625
7/18/16,85,67,76,72.033125
7/19/16,75,58,66.5,70.49375
7/20/16,81,53,67,69.730625
7/21/16,87,58,72.5,71.77625
7/22/16,94,69,81.5,72.269375
7/23/16,85,64,74.5,72.558125
7/24/16,79,60,69.5,71.82125
7/25/16,84,62,73,71.28875
7/26/16,84,67,75.5,72.5
7/27/16,90,63,76.5,73.323125
7/28/16,84,68,76,75.0875
7/29/16,84,66,75,73.4375
7/30/16,80,59,69.5,71.93
7/31/16,82,58,70,71.315
8/1/16,70,65,67.5,74.32297872
8/2/16,83,62,72.5,73.83875
8/3/16,86,61,73.5,74.68625
8/4/16,89,70,79.5,75.7625
8/5/16,91,71,81,75.940625
8/6/16,86,64,75,76.325
8/7/16,81,60,70.5,75.501875
8/8/16,85,56,70.5,74.875625
8/9/16,88,57,72.5,75.47375
8/10/16,88,73,80.5,75.935
8/11/16,96,74,85,76.32875
8/12/16,89,68,78.5,76.23125
8/13/16,77,67,72,74.9525
8/14/16,88,72,80,74.9
8/15/16,82,65,73.5,75.100625
8/16/16,77,62,69.5,74.20625
8/17/16,79,64,71.5,74.080625
8/18/16,84,64,74,74.448125
8/19/16,82,61,71.5,75.25625
8/20/16,87,57,72,74.78375
8/21/16,86,69,77.5,74.76125
8/22/16,71,54,62.5,73.5125
8/23/16,80,52,66,72.40625
8/24/16,86,63,74.5,73.115
8/25/16,83,72,77.5,73.52
8/26/16,87,68,77.5,73.938125
8/27/16,84,65,74.5,73.92875
8/28/16,87,65,76,72.944375
8/29/16,78,59,68.5,73.55
8/30/16,79,56,67.5,72.5225
8/31/16,79,66,72.5,72.995
9/1/16,76,60,68,72.974375
9/2/16,73,55,64,72.1325
9/3/16,76,50,63,71.590625
9/4/16,82,53,67.5,71.765
9/5/16,85,58,71.5,72.741875
9/6/16,87,56,71.5,72.670625
9/7/16,88,64,76,73.31375
9/8/16,85,70,77.5,74.451875
9/9/16,87,67,77,74.4275
9/10/16,85,63,74,73.89125
9/11/16,81,53,67,73.634375
9/12/16,75,48,61.5,72.610625
9/13/16,82,52,67,72.494375
9/14/16,71,55,63,72.040625
9/15/16,67,47,57,70.77125
9/16/16,75,43,59,70.355
9/17/16,78,58,68,69.963125
9/18/16,81,67,74,69.944375
9/19/16,79,66,72.5,70.589375
9/20/16,84,63,73.5,71.09
9/21/16,82,55,68.5,71.106875
9/22/16,84,57,70.5,71.25875
9/23/16,64,51,57.5,70.28375
9/24/16,65,46,55.5,68.466875
9/25/16,62,38,50,67.0775
9/26/16,67,38,52.5,65.77625
9/27/16,74,54,64,65.83625
9/28/16,72,53,62.5,66.520625
9/29/16,70,49,59.5,66.64625
9/30/16,66,51,58.5,66.12451613
10/1/16,61,52,56.5,65.245625
10/2/16,62,56,59,64.585625
10/3/16,62,56,59,64.368125
10/4/16,68,54,61,64.780625
10/5/16,73,50,61.5,65.245625
10/6/16,75,47,61,65.598125
10/7/16,77,49,63,65.6
10/8/16,69,55,62,64.655
10/9/16,57,48,52.5,63.588125
10/10/16,53,37,45,61.90625
10/11/16,68,34,51,61.154375
10/12/16,71,46,58.5,61.191875
10/13/16,61,48,54.5,60.20255319
10/14/16,54,37,45.5,59.688125
10/15/16,62,32,47,59.1425
10/16/16,66,54,60,57.9083871
10/17/16,64,48,56,58.96318182
10/18/16,81,55,68,59.47659091
10/19/16,71,47,59,59.45863014
10/20/16,59,46,52.5,58.5227907
10/21/16,64,49,56.5,58.360625
10/22/16,49,38,43.5,56.85125
10/23/16,52,39,45.5,53.328125
10/24/16,50,40,45,52.611875
10/25/16,43,38,40.5,51.764375
10/26/16,39,34,36.5,51.77375
10/27/16,42,32,37,52.34568421
10/28/16,45,38,41.5,52.7375
10/29/16,51,39,45,51.905
10/30/16,49,41,45,52.274375
10/31/16,42,33,37.5,51.3875
11/1/16,54,28,41,51.16625
11/2/16,65,50,57.5,51.57125
11/3/16,53,47,50,52.58375
11/4/16,47,29,38,52.12322581
11/5/16,48,30,39,51.05375
11/6/16,45,30,37.5,50.7938
11/7/16,52,28,40,50.6075
11/8/16,62,30,46,50.735
11/9/16,49,37,43,50.8025
11/10/16,48,30,39,49.536875
11/11/16,51,35,43,48.71
11/12/16,44,29,36.5,48.55625
11/13/16,56,33,44.5,48.921875
11/14/16,58,38,48,49.480625
11/15/16,61,37,49,49.758125
11/16/16,47,40,43.5,49.81625
11/17/16,48,38,43,49.514375
11/18/16,55,37,46,49.4825
11/19/16,66,33,49.5,49.42625
11/20/16,48,30,39,48.689375
11/21/16,31,29,30,46.24625
11/22/16,33,31,32,45.284375
11/23/16,36,30,33,45.8675
11/24/16,36,31,33.5,45.921875
11/25/16,41,34,37.5,46.705625
11/26/16,43,35,39,47.04125
11/27/16,38,33,35.5,46.518125
11/28/16,39,27,33,46.214375
11/29/16,44,30,37,46.085
11/30/16,51,40,45.5,46.8125
12/1/16,51,44,47.5,47.09096774
12/2/16,47,37,42,46.765625
12/3/16,38,33,35.5,45.56375
12/4/16,35,26,30.5,44.688125
12/5/16,37,26,31.5,44.703125
12/6/16,37,29,33,44.885
12/7/16,39,31,35,44.845625
12/8/16,38,33,35.5,44.871875
12/9/16,33,22,27.5,42.966875
12/10/16,24,19,21.5,41.343125
12/11/16,29,14,21.5,42.719375
12/12/16,39,25,32,42.408125
12/13/16,36,25,30.5,42.2825
12/14/16,34,21,27.5,41.8025
12/15/16,23,0,11.5,40.521875
12/16/16,16,-3,6.5,37.833125
12/17/16,34,16,25,37.686875
12/18/16,43,12,27.5,39.460625
12/19/16,19,3,11,38.804375
12/20/16,27,10,18.5,37.385
12/21/16,41,27,34,37.89125
12/22/16,35,30,32.5,39.910625
12/23/16,42,31,36.5,41.339375
12/24/16,41,35,38,41.06375
12/25/16,41,14,27.5,40.975625
12/26/16,41,14,27.5,39.726875
12/27/16,47,35,41,39.63125
12/28/16,35,22,28.5,39.554375
12/29/16,34,26,30,39.37625
12/30/16,35,19,27,38.980625
12/31/16,35,13,24,37.9175
1/1/17,38,23,30.5,37.835
1/2/17,41,19,30,38.42375
1/3/17,42,30,36,38.620625
1/4/17,43,27,35,40.07
1/5/17,30,23,26.5,38.451875
1/6/17,26,20,23,37.505
1/7/17,24,10,17,37.445
1/8/17,15,4,9.5,37.98125
1/9/17,19,3,11,36.603125
1/10/17,39,18,28.5,34.780625
1/11/17,52,35,43.5,35.860625
1/12/17,54,45,49.5,37.7225
1/13/17,47,13,30,38.50625
1/14/17,24,7,15.5,37.38875
1/15/17,28,14,21,36.545
1/16/17,38,11,24.5,36.97625
1/17/17,40,18,29,36.029375
1/18/17,37,33,35,36.119375
1/19/17,39,35,37,36.235625
1/20/17,38,34,36,36.9875
1/21/17,44,37,40.5,37.02875
1/22/17,39,34,36.5,37.04
1/23/17,39,33,36,37.34
1/24/17,33,28,30.5,36.996875
1/25/17,35,28,31.5,36.539375
1/26/17,42,34,38,36.87125
1/27/17,38,30,34,36.85625
1/28/17,37,29,33,36.704375
1/29/17,37,28,32.5,36.599375
1/30/17,28,14,21,36.160625
1/31/17,27,9,18,35.73875
2/1/17,33,19,26,35.913125
2/2/17,32,21,26.5,35.34125
2/3/17,25,19,22,34.446875
2/4/17,29,18,23.5,33.603125
2/5/17,35,23,29,33.464375
2/6/17,29,15,22,33.97625
2/7/17,32,17,24.5,35.553125
2/8/17,44,24,34,35.31125
2/9/17,24,7,15.5,34.398125
2/10/17,13,6,9.5,33.441875
2/11/17,24,9,16.5,34.450625
2/12/17,28,9,18.5,33.50375
2/13/17,28,20,24,32.965625
2/14/17,34,14,24,33.265625
2/15/17,36,25,30.5,33.24125
2/16/17,28,25,26.5,33.580625
2/17/17,32,15,23.5,33.925625
2/18/17,49,14,31.5,34.1225
2/19/17,50,37,43.5,34.619375
2/20/17,37,23,30,35.283125
2/21/17,42,17,29.5,35.264375
2/22/17,54,37,45.5,35.06375
2/23/17,63,42,52.5,35.81375
2/24/17,50,36,43,36.09875
2/25/17,72,33,52.5,37.18625
2/26/17,38,27,32.5,36.846875
2/27/17,46,30,38,35.673125
2/28/17,52,29,40.5,36.05375
3/1/17,63,47,55,37.540625
3/2/17,54,19,36.5,36.820625
3/3/17,23,10,16.5,35.33
3/4/17,10,3,6.5,33.53
3/5/17,22,5,13.5,33.83
3/6/17,41,6,23.5,35.001875
3/7/17,49,35,42,34.35125
3/8/17,55,38,46.5,35.67125
3/9/17,43,28,35.5,35.3375
3/10/17,30,10,20,35.07875
3/11/17,11,0,5.5,32.789375
3/12/17,19,4,11.5,32.11934783
3/13/17,22,8,15,33.588125
3/14/17,20,18,19,34.000625
3/15/17,23,18,20.5,32.43875
3/16/17,28,17,22.5,32.37125
3/17/17,33,13,23,33.318125
3/18/17,40,5,22.5,34.060625
3/19/17,39,15,27,33.5675
3/20/17,47,15,31,33.95375
3/21/17,38,32,35,34.24425532
3/22/17,36,11,23.5,33.303125
3/23/17,33,3,18,33.655625
3/24/17,36,25,30.5,33.198125
3/25/17,36,21,28.5,33.156875
3/26/17,39,16,27.5,33.873125
3/27/17,42,36,39,34.08875
3/28/17,52,36,44,34.311875
3/29/17,40,35,37.5,34.70375
3/30/17,42,32,37,35.25531915
3/31/17,40,32,36,34.86786517
4/1/17,40,32,36,34.769375
4/2/17,50,31,40.5,35.37875
4/3/17,52,27,39.5,36.119375
4/4/17,48,39,43.5,36.30125
4/5/17,50,39,44.5,35.71625
4/6/17,45,40,42.5,35.89625
4/7/17,44,36,40,35.684375
4/8/17,45,30,37.5,35.845625
4/9/17,65,27,46,36.12125
4/10/17,80,56,68,37.574375
4/11/17,80,46,63,36.875
4/12/17,58,46,52,37.41875
4/13/17,58,36,47,38.125625
4/14/17,61,30,45.5,38.075
4/15/17,68,32,50,38.65625
4/16/17,82,53,67.5,39.408125
4/17/17,54,41,47.5,39.065
4/18/17,52,37,44.5,39.64625
4/19/17,53,38,45.5,40.165625
4/20/17,48,43,45.5,39.26375
4/21/17,54,43,48.5,38.864375
4/22/17,50,44,47,38.766875
4/23/17,67,36,51.5,39.09875
4/24/17,53,39,46,40.428125
4/25/17,59,35,47,40.270625
4/26/17,73,50,61.5,40.645625
4/27/17,79,52,65.5,41.58125
4/28/17,81,64,72.5,42.5075
4/29/17,73,43,58,44.421875
4/30/17,46,38,42,41.8475
5/1/17,65,45,55,41.88125
5/2/17,62,48,55,42.423125
5/3/17,53,35,44,43.72625
5/4/17,65,33,49,42.966875
5/5/17,55,47,51,43.686875
5/6/17,74,50,62,43.28375
5/7/17,59,42,50.5,43.083125
5/8/17,47,37,42,42.95065217
5/9/17,50,35,42.5,42.546875
5/10/17,56,42,49,42.28625
5/11/17,59,44,51.5,41.305625
5/12/17,71,39,55,41.88875
5/13/17,63,50,56.5,45.216875
5/14/17,54,46,50,47.27
5/15/17,68,48,58,44.024375
5/16/17,75,46,60.5,42.441875
5/17/17,91,56,73.5,48.42125
5/18/17,93,70,81.5,49.54625
5/19/17,74,50,62,48.651875
5/20/17,63,44,53.5,45.543125
5/21/17,71,41,56,47.03375
5/22/17,57,50,53.5,49.61
5/23/17,72,48,60,48.494375
5/24/17,79,52,65.5,49.33625
5/25/17,66,55,60.5,49.64375
5/26/17,58,53,55.5,50.358125
5/27/17,72,50,61,48.93125
5/28/17,79,51,65,51.771875
5/29/17,66,56,61,54.68375
5/30/17,66,56,61,54.04526316
5/31/17,74,54,64,53.9075
6/1/17,73,55,64,55.06625
6/2/17,61,49,55,55.355
6/3/17,59,51,55,52.79375
6/4/17,73,50,61.5,53.40875
6/5/17,62,55,58.5,54.845
6/6/17,56,50,53,53.995625
6/7/17,78,46,62,52.791875
6/8/17,83,50,66.5,56.05274725
6/9/17,77,57,67,58.019375
6/10/17,82,54,68,59.140625
6/11/17,95,71,83,62.286875
6/12/17,94,71,82.5,62.826875
6/13/17,84,59,71.5,62.40125
6/14/17,71,52,61.5,56.0075
6/15/17,80,47,63.5,56.12
6/16/17,70,58,64,58.173125
6/17/17,84,63,73.5,59.106875
6/18/17,89,70,79.5,61.461875
6/19/17,83,68,75.5,62.140625
6/20/17,77,62,69.5,62.91125
6/21/17,77,62,69.5,62.586875
6/22/17,80,56,68,62.22125
6/23/17,82,64,73,63.963125
6/24/17,84,64,74,64.769375
6/25/17,77,57,67,65.55875
6/26/17,74,55,64.5,65.054375
6/27/17,74,56,65,66.845
6/28/17,77,54,65.5,65.819375
6/29/17,69,56,62.5,65.82125
6/30/17,81,63,72,65.628125
7/1/17,75,66,70.5,65.946875
7/2/17,84,66,75,66.23
7/3/17,81,62,71.5,67.0775
7/4/17,80,57,68.5,66.355625
7/5/17,84,55,69.5,67.566875
7/6/17,80,70,75,70.488125
7/7/17,84,68,76,70.20125
7/8/17,75,63,69,69.13625
7/9/17,80,60,70,69.606875
7/10/17,81,67,74,69.4925
7/11/17,83,67,75,69.9725
7/12/17,78,65,71.5,69.56
7/13/17,66,59,62.5,66.02
7/14/17,71,61,66,66.449375
7/15/17,80,65,72.5,67.74875
7/16/17,85,64,74.5,69.456875
7/17/17,77,65,71,68.285
7/18/17,85,66,75.5,69.179375
7/19/17,87,65,76,70.210625
7/20/17,86,65,75.5,71.93
7/21/17,89,60,74.5,73.176875
7/22/17,82,63,72.5,73.300625
7/23/17,79,59,69,69.944375
7/24/17,69,58,63.5,69.665
7/25/17,71,57,64,69.711875
7/26/17,79,55,67,69.363125
7/27/17,77,65,71,70.22375
7/28/17,76,57,66.5,70.43957447
7/29/17,76,53,64.5,69.100625
7/30/17,81,50,65.5,68.82875
7/31/17,87,58,72.5,70.22375
8/1/17,85,61,73,72.584375
8/2/17,88,62,75,72.9575
8/3/17,86,67,76.5,74.60580645
8/4/17,89,66,77.5,74.66375
8/5/17,80,66,73,74.6525
8/6/17,75,60,67.5,73.05125
8/7/17,77,57,67,72.725
8/8/17,76,59,67.5,72.393125
8/9/17,80,57,68.5,71.9675
8/10/17,84,60,72,72.505625
8/11/17,84,64,74,73.476875
8/12/17,83,68,75.5,73.293125
8/13/17,81,61,71,73.23875
8/14/17,82,57,69.5,72.63875
8/15/17,83,61,72,72.865625
8/16/17,76,55,65.5,72.57125
8/17/17,80,52,66,71.345
8/18/17,82,63,72.5,72.2375
8/19/17,83,66,74.5,72.636875
8/20/17,82,63,72.5,72.936875
8/21/17,85,62,73.5,73.094375
8/22/17,87,67,77,73.623125
8/23/17,78,62,70,73.3925
8/24/17,73,57,65,72.629375
8/25/17,71,52,61.5,71.939375
8/26/17,73,49,61,71.25875
8/27/17,74,48,61,71.024375
8/28/17,77,50,63.5,71.01875
8/29/17,73,52,62.5,71.838125
8/30/17,75,53,64,71.455625
8/31/17,70,52,61,70.64375
9/1/17,64,47,55.5,67.941875
9/2/17,70,41,55.5,67.2725
9/3/17,57,52,54.5,67.5125
9/4/17,79,56,67.5,66.9125
9/5/17,69,59,64,67.135625
9/6/17,65,58,61.5,66.584375
9/7/17,70,56,63,66.48875
9/8/17,63,55,59,66.0725
9/9/17,65,53,59,65.52125
9/10/17,66,49,57.5,65.44625
9/11/17,75,45,60,65.74625
9/12/17,78,49,63.5,67.098125
9/13/17,81,53,67,67.23125
9/14/17,77,60,68.5,67.775
9/15/17,81,64,72.5,68.24
9/16/17,84,60,72,68.298125
9/17/17,84,61,72.5,69.21875
9/18/17,87,62,74.5,70.49375
9/19/17,81,62,71.5,71.87375
9/20/17,81,59,70,71.18
9/21/17,79,57,68,68.14625
9/22/17,79,52,65.5,67.491875
9/23/17,86,53,69.5,68.13125
9/24/17,91,61,76,70.37
9/25/17,92,66,79,71.196875
9/26/17,91,65,78,72.434375
9/27/17,90,66,78,74.069375
9/28/17,70,54,62,72.185
9/29/17,61,49,55,68.793125
9/30/17,60,41,50.5,65.410625
10/1/17,66,37,51.5,64.6775
10/2/17,68,40,54,65.830625
10/3/17,73,44,58.5,65.59625
10/4/17,78,57,67.5,64.89741935
10/5/17,73,53,63,65.69375
10/6/17,62,51,56.5,65.24
10/7/17,71,55,63,64.878125
10/8/17,80,60,70,65.18375
10/9/17,67,59,63,64.97375
10/10/17,77,59,68,65.234375
10/11/17,62,44,53,64.7975
10/12/17,61,37,49,62.740625
10/13/17,65,40,52.5,61.866875
10/14/17,68,58,63,61.7525
10/15/17,76,58,67,62.43875
10/16/17,60,42,51,61.2725
10/17/17,57,32,44.5,59.14625
10/18/17,69,48,58.5,58.994375
10/19/17,72,57,64.5,59.485625
10/20/17,68,45,56.5,59.30375
10/21/17,73,44,58.5,59.298125
10/22/17,78,45,61.5,59.534375
10/23/17,73,59,66,59.178125
10/24/17,78,65,71.5,59.594375
10/25/17,67,54,60.5,59.83625
10/26/17,54,45,49.5,58.82
10/27/17,58,47,52.5,57.359375
10/28/17,69,51,60,57.014375
10/29/17,62,51,56.5,57.45125
10/30/17,69,48,58.5,56.999375
10/31/17,50,43,46.5,54.539375
11/1/17,49,40,44.5,54.265625
11/2/17,64,44,54,54.201875
11/3/17,65,42,53.5,55.08125
11/4/17,47,34,40.5,54.0575
11/5/17,57,39,48,53.3138
11/6/17,62,40,51,53.609375
11/7/17,40,28,34,52.668125
11/8/17,47,24,35.5,52.281875
11/9/17,47,27,37,51.3575
11/10/17,47,21,34,49.145
11/11/17,31,19,25,48.899375
11/12/17,41,25,33,49.21625
11/13/17,38,24,31,48.813125
11/14/17,37,33,35,49.026875
11/15/17,46,31,38.5,49.199375
11/16/17,51,38,44.5,48.46625
11/17/17,38,22,30,47.40875
11/18/17,42,20,31,47.091875
11/19/17,49,31,40,46.92875
11/20/17,31,25,28,46.19
11/21/17,54,27,40.5,46.015625
11/22/17,50,28,39,46.3625
11/23/17,35,21,28,45.914375
11/24/17,46,35,40.5,45.614375
11/25/17,53,40,46.5,45.235625
11/26/17,40,28,34,45.888125
11/27/17,35,19,27,44.91125
11/28/17,45,15,30,44.11625
11/29/17,53,27,40,44.63
11/30/17,44,21,32.5,44.39
12/1/17,43,35,39,44.69483871
12/2/17,40,32,36,44.935625
12/3/17,43,27,35,44.86625
12/4/17,45,24,34.5,44.86625
12/5/17,55,45,50,44.9525
12/6/17,47,35,41,45.06875
12/7/17,38,33,35.5,44.3525
12/8/17,36,29,32.5,43.664375
12/9/17,35,27,31,43.5875
12/10/17,34,28,31,43.360625
12/11/17,31,16,23.5,42.644375
12/12/17,33,19,26,42.524375
12/13/17,23,11,17,40.92125
12/14/17,17,3,10,39.468125
12/15/17,22,-2,10,38.433125
12/16/17,29,12,20.5,38.178125
12/17/17,18,0,9,38.699375
12/18/17,33,8,20.5,38.586875
12/19/17,44,27,35.5,39.9425
12/20/17,38,18,28,39.914375
12/21/17,19,11,15,38.590625
12/22/17,25,11,18,38.85125
12/23/17,37,25,31,38.66375
12/24/17,31,20,25.5,37.893125
12/25/17,31,23,27,38.075
12/26/17,24,10,17,36.845
12/27/17,10,-4,3,36.60875
12/28/17,2,-8,-3,34.59125
12/29/17,2,-9,-3.5,36.2525
12/30/17,11,-10,0.5,35.13125
12/31/17,2,-9,-3.5,34.686875
1/1/18,3,-15,-6,36.370625
1/2/18,19,-15,2,36.254375
1/3/18,23,16,19.5,33.45875
1/4/18,20,10,15,33.955625
1/5/18,14,-3,5.5,32.530625
1/6/18,-2,-15,-8.5,32.065625
1/7/18,13,-20,-3.5,32.29625
1/8/18,30,13,21.5,32.495
1/9/18,36,25,30.5,32.2175
1/10/18,37,10,23.5,32.973125
1/11/18,51,37,44,33.040625
1/12/18,61,28,44.5,34.5725
1/13/18,28,5,16.5,34.116875
1/14/18,9,-5,2,35.264375
1/15/18,11,-7,2,35.43875
1/16/18,27,1,14,34.50875
1/17/18,23,17,20,33.5
1/18/18,25,13,19,33.3875
1/19/18,30,24,27,33.095
1/20/18,43,30,36.5,32.87
1/21/18,41,30,35.5,33.83375
1/22/18,35,22,28.5,34.14875
1/23/18,44,34,39,34.29875
1/24/18,40,16,28,33.5525
1/25/18,18,7,12.5,33.51875
1/26/18,29,6,17.5,33.88042553
1/27/18,45,29,37,32.789375
1/28/18,46,31,38.5,33.60125
1/29/18,31,18,24.5,33.794375
1/30/18,18,13,15.5,33.92
1/31/18,30,8,19,33.419375
2/1/18,38,30,34,32.7125
2/2/18,30,4,17,32.601875
2/3/18,25,-2,11.5,32.691875
2/4/18,34,25,29.5,32.105
2/5/18,33,9,21,32.28875
2/6/18,27,12,19.5,32.384375
2/7/18,24,9,16.5,32.19875
2/8/18,23,12,17.5,32.3075
2/9/18,25,10,17.5,32.639375
2/10/18,39,23,31,32.725625
2/11/18,42,22,32,32.72
2/12/18,40,21,30.5,32.72
2/13/18,28,7,17.5,32.82875
2/14/18,40,27,33.5,32.86625
2/15/18,53,34,43.5,32.7875
2/16/18,45,23,34,32.64125
2/17/18,33,15,24,32.82875
2/18/18,37,29,33,32.639375
2/19/18,46,30,38,32.63375
2/20/18,59,42,50.5,32.99375
2/21/18,69,35,52,33.3125
2/22/18,35,22,28.5,33.546875
2/23/18,39,18,28.5,33.245
2/24/18,43,27,35,33.096875
2/25/18,39,27,33,33.108125
2/26/18,48,32,40,33.18875
2/27/18,50,28,39,33.573125
2/28/18,59,42,50.5,34.116875
3/1/18,50,32,41,34.59875
3/2/18,34,30,32,34.300625
3/3/18,39,32,35.5,33.963125
3/4/18,37,30,33.5,34.14125
3/5/18,37,31,34,34.233125
3/6/18,42,23,32.5,34.491875
3/7/18,37,31,34,34.285625
3/8/18,31,29,30,33.90875
3/9/18,36,27,31.5,33.91625
3/10/18,36,27,31.5,34.02125
3/11/18,36,30,33,34.1776087
3/12/18,38,30,34,34.41935484
3/13/18,37,30,33.5,34.38875
3/14/18,33,31,32,33.614375
3/15/18,37,29,33,33.79625
3/16/18,29,23,26,33.678125
3/17/18,26,6,16,33.11
3/18/18,24,-2,11,33.756875
3/19/18,25,1,13,34.055
3/20/18,34,4,19,34.101875
3/21/18,32,10,21,33.989375
3/22/18,39,22,30.5,34.405625
3/23/18,41,20,30.5,34.278125
3/24/18,36,26,31,34.59125
3/25/18,40,25,32.5,34.878125
3/26/18,44,21,32.5,35.200625
3/27/18,46,23,34.5,35.1125
3/28/18,49,36,42.5,35.345
3/29/18,53,37,45,35.48
3/30/18,50,36,43,36.310625
3/31/18,54,27,40.5,36.21125
4/1/18,48,29,38.5,36.681875
4/2/18,46,27,36.5,36.11
4/3/18,49,31,40,35.765
4/4/18,52,24,38,36.035
4/5/18,35,20,27.5,35.03375
4/6/18,38,23,30.5,34.840625
4/7/18,43,31,37,35.17625
4/8/18,36,23,29.5,35.560625
4/9/18,39,22,30.5,35.384375
4/10/18,44,25,34.5,35.85875
4/11/18,48,24,36,36.048125
4/12/18,52,37,44.5,36.335
4/13/18,51,43,47,36.9575
4/14/18,44,24,34,36.738125
4/15/18,34,24,29,35.808125
4/16/18,45,31,38,35.72375
4/17/18,45,36,40.5,36.335
4/18/18,49,34,41.5,36.505625
4/19/18,44,35,39.5,36.801875
4/20/18,44,33,38.5,36.925625
4/21/18,55,30,42.5,37.3025
4/22/18,58,28,43,37.95125
4/23/18,67,30,48.5,38.076875
4/24/18,73,52,62.5,39.715625
4/25/18,61,51,56,39.41375
4/26/18,59,50,54.5,38.256875
4/27/18,57,44,50.5,39.081875
4/28/18,65,45,55,39.92375
4/29/18,50,38,44,40.090625
4/30/18,50,38,44,39.768125
5/1/18,68,46,57,40.1
5/2/18,88,62,75,41.556875
5/3/18,74,60,67,40.535
5/4/18,79,55,67,40.39625
5/5/18,75,49,62,42.153125
5/6/18,68,56,62,41.405
5/7/18,64,45,54.5,40.72217391
5/8/18,77,38,57.5,40.769375
5/9/18,83,46,64.5,44.178125
5/10/18,75,54,64.5,47.256875
5/11/18,57,40,48.5,43.248125
5/12/18,66,36,51,41.6075
5/13/18,74,40,57,44.931875
5/14/18,78,52,65,46.655
5/15/18,67,50,58.5,45.75125
5/16/18,75,42,58.5,45.955625
5/17/18,69,52,60.5,46.295
5/18/18,65,44,54.5,45.3575
5/19/18,65,44,54.5,45.738125
5/20/18,69,49,59,46.5875
5/21/18,80,42,61,47.31875
5/22/18,69,53,61,48.56
5/23/18,77,56,66.5,48.39875
5/24/18,75,47,61,47.740625
5/25/18,83,63,73,51.310625
5/26/18,74,61,67.5,51.243125
5/27/18,70,56,63,50.735
5/28/18,75,56,65.5,52.0925
5/29/18,78,56,67,50.815625
5/30/18,87,51,69,51.9125
5/31/18,84,68,76,55.56125
6/1/18,87,70,78.5,56.6225
6/2/18,75,56,65.5,52.31375
6/3/18,79,51,65,52.92125
6/4/18,61,48,54.5,55.94
6/5/18,62,52,57,54.70625
6/6/18,68,53,60.5,53.789375
6/7/18,74,54,64,55.401875
6/8/18,75,53,64,55.5575
6/9/18,77,48,62.5,55.293125
6/10/18,72,46,59,54.4925
6/11/18,75,44,59.5,53.7425
6/12/18,86,48,67,57.04625
6/13/18,81,65,73,60.104375
6/14/18,68,56,62,60.539375
6/15/18,77,53,65,59.294375
6/16/18,83,53,68,61.604375
6/17/18,87,55,71,63.56
6/18/18,82,68,75,64.953125
6/19/18,75,56,65.5,61.43
6/20/18,81,52,66.5,62.555
6/21/18,71,52,61.5,59.958125
6/22/18,81,47,64,60.843125
6/23/18,71,59,65,62.465
6/24/18,69,59,64,63.34625
6/25/18,72,51,61.5,61.844375
6/26/18,78,47,62.5,62.373125
6/27/18,79,58,68.5,63.734375
6/28/18,75,63,69,64.235
6/29/18,88,64,76,65.14175824
6/30/18,93,68,80.5,67.615625
7/1/18,96,76,86,68.765
7/2/18,97,80,88.5,73.1225
7/3/18,93,71,82,72.18875
7/4/18,95,66,80.5,71.448125
7/5/18,95,72,83.5,75.5975
7/6/18,83,60,71.5,74.751875
7/7/18,81,51,66,71.114375
7/8/18,87,57,72,70.4075
7/9/18,92,60,76,72.786875
7/10/18,89,64,76.5,73.101875
7/11/18,79,59,69,69.0425
7/12/18,84,54,69,69.655625
7/13/18,86,58,72,70.70375
7/14/18,83,67,75,72.175625
7/15/18,90,68,79,72.54125
7/16/18,96,62,79,72.756875
7/17/18,87,71,79,74.069375
7/18/18,78,56,67,73.445
7/19/18,85,51,68,71.894375
7/20/18,91,59,75,73.551875
7/21/18,89,65,77,74.733125
7/22/18,83,66,74.5,74.0525
7/23/18,85,72,78.5,74.061875
7/24/18,92,73,82.5,74.508125
7/25/18,85,70,77.5,74.49125
7/26/18,83,70,76.5,74.230625
7/27/18,89,67,78,74.89625
7/28/18,83,65,74,75.12125
7/29/18,82,64,73,75.005
7/30/18,85,59,72,74.965625
7/31/18,87,67,77,75.33125
8/1/18,84,69,76.5,76.055
8/2/18,86,73,79.5,75.280625
8/3/18,81,73,77,75.423125
8/4/18,88,68,78,75.335
8/5/18,91,66,78.5,75.8225
8/6/18,95,75,85,76.8425
8/7/18,85,71,78,77.4125
8/8/18,87,69,78,77.0075
8/9/18,88,72,80,77.84886364
8/10/18,80,60,70,76.95125
8/11/18,83,55,69,75.485
8/12/18,84,67,75.5,76.56125
8/13/18,85,68,76.5,76.964375
8/14/18,86,71,78.5,77.8775
8/15/18,88,68,78,78.441875
8/16/18,80,62,71,78.00551724
8/17/18,78,61,69.5,78.00551724
8/18/18,74,61,67.5,78.00551724
8/19/18,83,59,71,78.00551724
8/20/18,83,61,72,78.00551724
8/21/18,82,61,71.5,78.00551724
8/22/18,79,65,72,78.00551724
8/23/18,79,55,67,78.00551724
8/24/18,85,58,71.5,78.00551724
8/25/18,84,62,73,78.00551724
8/26/18,81,68,74.5,78.00551724
8/27/18,85,66,75.5,78.00551724
8/28/18,92,73,82.5,78.00551724
8/29/18,97,71,84,78.00551724
8/30/18,76,54,65,78.00551724
8/31/18,80,50,65,78.00551724
9/1/18,78,68,73,78.00551724
9/2/18,82,68,75,78.00551724
9/3/18,93,71,82,78.00551724
9/4/18,82,65,73.5,78.00551724
9/5/18,93,64,78.5,78.00551724
9/6/18,81,61,71,78.00551724
9/7/18,76,55,65.5,78.00551724
9/8/18,65,48,56.5,78.00551724
9/9/18,65,42,53.5,78.00551724
9/10/18,64,49,56.5,78.00551724
9/11/18,76,57,66.5,78.00551724
9/12/18,78,65,71.5,78.00551724
9/13/18,81,60,70.5,78.00551724
9/14/18,85,58,71.5,78.00551724
9/15/18,88,60,74,78.00551724
9/16/18,87,66,76.5,78.00551724
9/17/18,87,69,78,78.00551724
9/18/18,86,59,72.5,78.00551724
9/19/18,66,54,60,78.00551724
9/20/18,65,53,59,78.00551724
9/21/18,70,58,64,78.00551724
9/22/18,71,44,57.5,78.00551724
9/23/18,69,40,54.5,78.00551724
9/24/18,63,46,54.5,78.00551724
9/25/18,61,49,55,78.00551724
9/26/18,76,60,68,78.00551724
9/27/18,67,52,59.5,78.00551724
9/28/18,69,56,62.5,78.00551724
9/29/18,68,51,59.5,78.00551724
9/30/18,60,45,52.5,78.00551724
10/1/18,55,49,52,78.00551724
10/2/18,57,50,53.5,78.00551724
10/3/18,58,51,54.5,78.00551724
10/4/18,71,51,61,78.00551724
10/5/18,55,40,47.5,78.00551724
10/6/18,64,42,53,78.00551724
10/7/18,64,48,56,78.00551724
10/8/18,62,48,55,78.00551724
10/9/18,80,62,71,78.00551724
10/10/18,82,56,69,78.00551724
10/11/18,73,56,64.5,78.00551724
10/12/18,61,48,54.5,78.00551724
10/13/18,52,39,45.5,78.00551724
10/14/18,57,38,47.5,78.00551724
10/15/18,59,40,49.5,78.00551724
10/16/18,53,43,48,78.00551724
10/17/18,51,38,44.5,78.00551724
10/18/18,43,34,38.5,78.00551724
10/19/18,60,38,49,78.00551724
10/20/18,63,45,54,78.00551724
10/21/18,45,36,40.5,78.00551724
10/22/18,45,35,40,78.00551724
10/23/18,50,36,43,78.00551724
10/24/18,42,35,38.5,78.00551724
10/25/18,40,34,37,78.00551724
10/26/18,44,30,37,78.00551724
10/27/18,41,33,37,78.00551724
10/28/18,47,37,42,78.00551724
10/29/18,52,40,46,78.00551724
10/30/18,42,29,35.5,78.00551724
10/31/18,55,29,42,78.00551724
11/1/18,52,46,49,78.00551724
11/2/18,47,44,45.5,78.00551724
11/3/18,45,40,42.5,78.00551724
11/4/18,44,31,37.5,78.00551724
11/5/18,47,32,39.5,78.00551724
11/6/18,54,43,48.5,78.00551724
11/7/18,55,44,49.5,78.00551724
11/8/18,49,40,44.5,78.00551724
11/9/18,42,30,36,78.00551724
11/10/18,42,32,37,78.00551724
11/11/18,38,28,33,78.00551724
11/12/18,45,26,35.5,78.00551724
11/13/18,39,23,31,78.00551724
11/14/18,23,16,19.5,78.00551724
11/15/18,27,14,20.5,78.00551724
11/16/18,34,24,29,78.00551724
11/17/18,41,29,35,78.00551724
11/18/18,32,20,26,78.00551724
11/19/18,42,28,35,78.00551724
11/20/18,30,22,26,78.00551724
11/21/18,32,8,20,78.00551724
11/22/18,14,6,10,78.00551724
11/23/18,27,-1,13,78.00551724
11/24/18,39,26,32.5,78.00551724
11/25/18,41,35,38,78.00551724
11/26/18,42,35,38.5,78.00551724
11/27/18,37,33,35,78.00551724
11/28/18,35,33,34,78.00551724
11/29/18,36,33,34.5,78.00551724
11/30/18,35,32,33.5,78.00551724
12/1/18,36,32,34,78.00551724
12/2/18,42,32,37,78.00551724
12/3/18,46,31,38.5,78.00551724
12/4/18,33,19,26,78.00551724
12/5/18,29,21,25,78.00551724
12/6/18,34,25,29.5,78.00551724
12/7/18,31,10,20.5,78.00551724
12/8/18,20,0,10,78.00551724
12/9/18,34,11,22.5,78.00551724
12/10/18,32,9,20.5,78.00551724
12/11/18,30,6,18,78.00551724
12/12/18,26,2,14,78.00551724
12/13/18,30,-1,14.5,78.00551724
12/14/18,43,29,36,78.00551724
12/15/18,43,27,35,78.00551724
12/16/18,39,23,31,78.00551724
12/17/18,37,22,29.5,78.00551724
12/18/18,25,19,22,78.00551724
12/19/18,31,15,23,78.00551724
12/20/18,46,20,33,78.00551724
12/21/18,54,37,45.5,78.00551724
12/22/18,56,26,41,78.00551724
12/23/18,29,19,24,78.00551724
12/24/18,27,21,24,78.00551724
12/25/18,23,7,15,78.00551724
12/26/18,28,7,17.5,78.00551724
12/27/18,23,13,18,78.00551724
12/28/18,49,23,36,78.00551724
12/29/18,49,17,33,78.00551724
12/30/18,30,15,22.5,78.00551724
12/31/18,40,30,35,78.00551724
1/1/19,44,18,31,78.00551724
1/2/19,24,14,19,78.00551724
1/3/19,31,24,27.5,78.00551724
1/4/19,41,31,36,78.00551724
1/5/19,38,26,32,78.00551724
1/6/19,37,15,26,78.00551724
1/7/19,21,7,14,78.00551724
1/8/19,37,20,28.5,78.00551724
1/9/19,35,29,32,78.00551724
1/10/19,30,14,22,78.00551724
1/11/19,14,5,9.5,78.00551724
1/12/19,18,-6,6,78.00551724
1/13/19,14,-6,4,78.00551724
1/14/19,19,-5,7,78.00551724
1/15/19,29,5,17,78.00551724
1/16/19,36,8,22,78.00551724
1/17/19,18,-1,8.5,78.00551724
1/18/19,30,18,24,78.00551724
1/19/19,21,-6,7.5,78.00551724
1/20/19,5,-6,-0.5,78.00551724
1/21/19,3,-6,-1.5,78.00551724
1/22/19,17,-16,0.5,78.00551724
1/23/19,40,16,28,78.00551724
1/24/19,43,29,36,78.00551724
1/25/19,33,20,26.5,78.00551724
1/26/19,21,6,13.5,78.00551724
1/27/19,33,5,19,78.00551724
1/28/19,19,0,9.5,78.00551724
1/29/19,28,1,14.5,78.00551724
1/30/19,25,2,13.5,78.00551724
1/31/19,12,-3,4.5,78.00551724
2/1/19,19,-1,9,78.00551724
2/2/19,21,-5,8,78.00551724
2/3/19,41,17,29,78.00551724
2/4/19,50,33,41.5,78.00551724
2/5/19,53,20,36.5,78.00551724
2/6/19,35,16,25.5,78.00551724
2/7/19,39,27,33,78.00551724
2/8/19,47,22,34.5,78.00551724
2/9/19,25,17,21,78.00551724
2/10/19,28,16,22,78.00551724
2/11/19,20,9,14.5,78.00551724
2/12/19,20,4,12,78.00551724
2/13/19,34,20,27,78.00551724
2/14/19,33,17,25,78.00551724
2/15/19,43,26,34.5,78.00551724
2/16/19,34,18,26,78.00551724
2/17/19,20,9,14.5,78.00551724
2/18/19,16,1,8.5,78.00551724
2/19/19,20,2,11,78.00551724
2/20/19,26,-2,12,78.00551724
2/21/19,41,22,31.5,78.00551724
2/22/19,35,20,27.5,78.00551724
2/23/19,38,14,26,78.00551724
2/24/19,42,29,35.5,78.00551724
2/25/19,37,18,27.5,78.00551724
2/26/19,18,5,11.5,78.00551724
2/27/19,9,-1,4,78.00551724
2/28/19,22,4,13,78.00551724
3/1/19,33,5,19,78.00551724
3/2/19,35,18,26.5,78.00551724
3/3/19,35,20,27.5,78.00551724
3/4/19,30,18,24,78.00551724
3/5/19,23,10,16.5,78.00551724
3/6/19,17,10,13.5,78.00551724
3/7/19,19,8,13.5,78.00551724
3/8/19,32,0,16,78.00551724
3/9/19,34,14,24,78.00551724
3/10/19,37,16,26.5,78.00551724
3/11/19,40,29,34.5,78.00551724
3/12/19,33,21,27,78.00551724
3/13/19,38,18,28,78.00551724
3/14/19,54,32,43,78.00551724
3/15/19,58,43,50.5,78.00551724
3/16/19,46,27,36.5,78.00551724
3/17/19,31,22,26.5,78.00551724
3/18/19,36,18,27,78.00551724
3/19/19,37,18,27.5,78.00551724
3/20/19,50,20,35,78.00551724
3/21/19,49,37,43,78.00551724
3/22/19,37,32,34.5,78.00551724
3/23/19,35,21,28,78.00551724
3/24/19,49,15,32,78.00551724
3/25/19,36,20,28,78.00551724
3/26/19,35,21,28,78.00551724
3/27/19,45,17,31,78.00551724
3/28/19,49,35,42,78.00551724
3/29/19,50,31,40.5,78.00551724
3/30/19,62,30,46,78.00551724
3/31/19,62,32,47,78.00551724
4/1/19,39,26,32.5,78.00551724
4/2/19,51,28,39.5,78.00551724
4/3/19,56,35,45.5,78.00551724
4/4/19,40,28,34,78.00551724
4/5/19,44,20,32,78.00551724
4/6/19,52,33,42.5,78.00551724
4/7/19,54,30,42,78.00551724
4/8/19,49,34,41.5,78.00551724
4/9/19,39,30,34.5,78.00551724
4/10/19,39,30,34.5,78.00551724
4/11/19,48,28,38,78.00551724
4/12/19,62,34,48,78.00551724
4/13/19,72,49,60.5,78.00551724
4/14/19,54,36,45,78.00551724
4/15/19,56,37,46.5,78.00551724
4/16/19,49,37,43,78.00551724
4/17/19,59,31,45,78.00551724
4/18/19,59,34,46.5,78.00551724
4/19/19,73,42,57.5,78.00551724
4/20/19,54,42,48,78.00551724
4/21/19,75,50,62.5,78.00551724
4/22/19,67,50,58.5,78.00551724
4/23/19,69,46,57.5,78.00551724
4/24/19,60,44,52,78.00551724
4/25/19,59,43,51,78.00551724
4/26/19,54,43,48.5,78.00551724
4/27/19,49,38,43.5,78.00551724
4/28/19,51,38,44.5,78.00551724
4/29/19,50,34,42,78.00551724
4/30/19,54,41,47.5,78.00551724
5/1/19,47,40,43.5,78.00551724
5/2/19,46,41,43.5,78.00551724
5/3/19,56,45,50.5,78.00551724
5/4/19,59,47,53,78.00551724
5/5/19,68,41,54.5,78.00551724
5/6/19,76,47,61.5,78.00551724
5/7/19,63,49,56,78.00551724
5/8/19,55,38,46.5,78.00551724
5/9/19,63,35,49,78.00551724
5/10/19,64,48,56,78.00551724
5/11/19,56,43,49.5,78.00551724
5/12/19,57,42,49.5,78.00551724
5/13/19,61,42,51.5,78.00551724
5/14/19,52,40,46,78.00551724
5/15/19,60,44,52,78.00551724
5/16/19,64,46,55,78.00551724
5/17/19,77,49,63,78.00551724
5/18/19,65,50,57.5,78.00551724
5/19/19,77,53,65,78.00551724
5/20/19,78,54,66,78.00551724
5/21/19,62,47,54.5,78.00551724
5/22/19,65,45,55,78.00551724
5/23/19,73,53,63,78.00551724
5/24/19,63,48,55.5,78.00551724
5/25/19,70,44,57,78.00551724
5/26/19,79,58,68.5,78.00551724
5/27/19,66,47,56.5,78.00551724
5/28/19,52,46,49,78.00551724
5/29/19,63,47,55,78.00551724
5/30/19,75,48,61.5,78.00551724
5/31/19,66,50,58,78.00551724
6/1/19,70,47,58.5,78.00551724
6/2/19,70,56,63,78.00551724
6/3/19,64,46,55,78.00551724
6/4/19,67,43,55,78.00551724
6/5/19,70,51,60.5,78.00551724
6/6/19,75,53,64,78.00551724
6/7/19,82,48,65,78.00551724
6/8/19,76,50,63,78.00551724
6/9/19,85,49,67,78.00551724
6/10/19,85,64,74.5,78.00551724
6/11/19,71,52,61.5,78.00551724
6/12/19,77,47,62,78.00551724
6/13/19,67,54,60.5,78.00551724
6/14/19,70,54,62,78.00551724
6/15/19,80,55,67.5,78.00551724
6/16/19,74,55,64.5,78.00551724
6/17/19,76,50,63,78.00551724
6/18/19,80,57,68.5,78.00551724
6/19/19,82,61,71.5,78.00551724
6/20/19,71,62,66.5,78.00551724
6/21/19,76,61,68.5,78.00551724
6/22/19,79,55,67,78.00551724
6/23/19,84,53,68.5,78.00551724
6/24/19,81,55,68,78.00551724
6/25/19,80,60,70,78.00551724
6/26/19,86,63,74.5,78.00551724
6/27/19,88,62,75,78.00551724
6/28/19,90,62,76,78.00551724
6/29/19,82,64,73,78.00551724
6/30/19,74,61,67.5,78.00551724
7/1/19,84,58,71,78.00551724
7/2/19,86,66,76,78.00551724
7/3/19,89,64,76.5,78.00551724
7/4/19,91,63,77,78.00551724
7/5/19,89,67,78,78.00551724
7/6/19,88,69,78.5,78.00551724
7/7/19,77,57,67,78.00551724
7/8/19,84,53,68.5,78.00551724
7/9/19,88,56,72,78.00551724
7/10/19,90,62,76,78.00551724
7/11/19,86,67,76.5,78.00551724
7/12/19,82,66,74,78.00551724
7/13/19,86,62,74,78.00551724
7/14/19,80,65,72.5,78.00551724
7/15/19,81,59,70,78.00551724
7/16/19,83,60,71.5,78.00551724
7/17/19,81,70,75.5,78.00551724
7/18/19,85,62,73.5,78.00551724
7/19/19,90,72,81,78.00551724
7/20/19,94,72,83,78.00551724
7/21/19,89,72,80.5,78.00551724
7/22/19,73,65,69,78.00551724
7/23/19,82,63,72.5,78.00551724
7/24/19,80,59,69.5,78.00551724
7/25/19,84,58,71,78.00551724
7/26/19,89,60,74.5,78.00551724
7/27/19,90,63,76.5,78.00551724
7/28/19,89,71,80,78.00551724
7/29/19,91,68,79.5,78.00551724
7/30/19,93,71,82,78.00551724
7/31/19,84,67,75.5,78.00551724
8/1/19,82,59,70.5,78.00551724
8/2/19,85,55,70,78.00551724
8/3/19,88,57,72.5,78.00551724
8/4/19,78,57,67.5,78.00551724
8/5/19,82,52,67,78.00551724
8/6/19,89,60,74.5,78.00551724
8/7/19,85,70,77.5,78.00551724
8/8/19,85,69,77,78.00551724
8/9/19,84,62,73,78.00551724
8/10/19,73,56,64.5,78.00551724
8/11/19,81,54,67.5,78.00551724
8/12/19,83,65,74,78.00551724
8/13/19,82,62,72,78.00551724
8/14/19,78,57,67.5,78.00551724
8/15/19,80,56,68,78.00551724
8/16/19,79,65,72,78.00551724
8/17/19,85,66,75.5,78.00551724
8/18/19,84,64,74,78.00551724
8/19/19,87,68,77.5,78.00551724
8/20/19,84,60,72,78.00551724
8/21/19,77,61,69,78.00551724
8/22/19,82,62,72,78.00551724
8/23/19,75,56,65.5,78.00551724
8/24/19,70,52,61,78.00551724
8/25/19,78,53,65.5,78.00551724
8/26/19,79,51,65,78.00551724
8/27/19,80,52,66,78.00551724
8/28/19,80,65,72.5,78.00551724
8/29/19,78,60,69,78.00551724
8/30/19,82,61,71.5,78.00551724
8/31/19,75,54,64.5,78.00551724
9/1/19,76,52,64,78.00551724
9/2/19,69,57,63,78.00551724
9/3/19,71,57,64,78.00551724
9/4/19,79,61,70,78.00551724
9/5/19,72,53,62.5,78.00551724
9/6/19,76,52,64,78.00551724
9/7/19,73,55,64,78.00551724
9/8/19,67,57,62,78.00551724
9/9/19,68,50,59,78.00551724
9/10/19,74,47,60.5,78.00551724
9/11/19,83,55,69,78.00551724
9/12/19,68,49,58.5,78.00551724
9/13/19,71,42,56.5,78.00551724
9/14/19,70,60,65,78.00551724
9/15/19,73,56,64.5,78.00551724
9/16/19,70,50,60,78.00551724
9/17/19,68,45,56.5,78.00551724
9/18/19,67,45,56,78.00551724
9/19/19,72,40,56,78.00551724
9/20/19,77,46,61.5,78.00551724
9/21/19,83,52,67.5,78.00551724
9/22/19,81,55,68,78.00551724
9/23/19,79,65,72,78.00551724
9/24/19,66,56,61,78.00551724
9/25/19,70,55,62.5,78.00551724
9/26/19,67,52,59.5,78.00551724
9/27/19,70,47,58.5,78.00551724
9/28/19,75,63,69,78.00551724
9/29/19,63,44,53.5,78.00551724
9/30/19,63,41,52,78.00551724
10/1/19,73,57,65,78.00551724
10/2/19,69,42,55.5,78.00551724
10/3/19,52,37,44.5,78.00551724
10/4/19,51,37,44,78.00551724
10/5/19,56,32,44,78.00551724
10/6/19,64,40,52,78.00551724
10/7/19,64,55,59.5,78.00551724
10/8/19,64,43,53.5,78.00551724
10/9/19,63,39,51,78.00551724
10/10/19,66,44,55,78.00551724
10/11/19,68,39,53.5,78.00551724
10/12/19,69,47,58,78.00551724
10/13/19,63,45,54,78.00551724
10/14/19,68,43,55.5,78.00551724
10/15/19,59,37,48,78.00551724
10/16/19,64,38,51,78.00551724
10/17/19,50,43,46.5,78.00551724
10/18/19,49,46,47.5,78.00551724
10/19/19,54,36,45,78.00551724
10/20/19,56,34,45,78.00551724
10/21/19,62,37,49.5,78.00551724
10/22/19,62,42,52,78.00551724
10/23/19,62,51,56.5,78.00551724
10/24/19,61,46,53.5,78.00551724
10/25/19,52,45,48.5,78.00551724
10/26/19,55,37,46,78.00551724
10/27/19,50,39,44.5,78.00551724
10/28/19,62,48,55,78.00551724
10/29/19,60,54,57,78.00551724
10/30/19,66,56,61,78.00551724
10/31/19,71,57,64,78.00551724
11/1/19,69,36,52.5,78.00551724
11/2/19,48,30,39,78.00551724
11/3/19,48,37,42.5,78.00551724
11/4/19,50,32,41,78.00551724
11/5/19,54,44,49,78.00551724
11/6/19,45,36,40.5,78.00551724
11/7/19,42,30,36,78.00551724
11/8/19,30,24,27,78.00551724
11/9/19,36,20,28,78.00551724
11/10/19,43,34,38.5,78.00551724
11/11/19,35,23,29,78.00551724
11/12/19,26,14,20,78.00551724
11/13/19,23,9,16,78.00551724
11/14/19,34,16,25,78.00551724
11/15/19,40,23,31.5,78.00551724
11/16/19,25,11,18,78.00551724
11/17/19,36,7,21.5,78.00551724
11/18/19,38,17,27.5,78.00551724
11/19/19,34,29,31.5,78.00551724
11/20/19,34,32,33,78.00551724
11/21/19,39,26,32.5,78.00551724
11/22/19,45,30,37.5,78.00551724
11/23/19,39,22,30.5,78.00551724
11/24/19,40,33,36.5,78.00551724
11/25/19,50,31,40.5,78.00551724
11/26/19,53,35,44,78.00551724
11/27/19,47,30,38.5,78.00551724
11/28/19,45,29,37,78.00551724
11/29/19,30,23,26.5,78.00551724
11/30/19,23,17,20,78.00551724
12/1/19,29,11,20,78.00551724
12/2/19,30,24,27,78.00551724
12/3/19,32,18,25,78.00551724
12/4/19,35,17,26,78.00551724
12/5/19,35,26,30.5,78.00551724
12/6/19,29,23,26,78.00551724
12/7/19,26,9,17.5,78.00551724
12/8/19,35,5,20,78.00551724
12/9/19,49,35,42,78.00551724
12/10/19,51,27,39,78.00551724
12/11/19,31,19,25,78.00551724
12/12/19,29,21,25,78.00551724
12/13/19,40,28,34,78.00551724
12/14/19,48,37,42.5,78.00551724
12/15/19,43,22,32.5,78.00551724
12/16/19,28,17,22.5,78.00551724
12/17/19,27,18,22.5,78.00551724
12/18/19,30,7,18.5,78.00551724
12/19/19,13,-1,6,78.00551724
12/20/19,15,1,8,78.00551724
12/21/19,26,2,14,78.00551724
12/22/19,37,22,29.5,78.00551724
12/23/19,49,19,34,78.00551724
12/24/19,37,22,29.5,78.00551724
12/25/19,37,22,29.5,78.00551724
12/26/19,41,20,30.5,78.00551724
12/27/19,45,38,41.5,78.00551724
12/28/19,44,25,34.5,78.00551724
12/29/19,37,22,29.5,78.00551724
12/30/19,36,31,33.5,78.00551724
12/31/19,36,32,34,78.00551724
1/1/20,36,32,34,37.76375
1/2/20,40,29,34.5,37.58375
1/3/20,44,38,41,37.818125
1/4/20,40,30,35,37.960625
1/5/20,30,16,23,37.683125
1/6/20,33,13,23,37.76
1/7/20,34,27,30.5,37.48625
1/8/20,34,14,24,36.951875
1/9/20,22,6,14,36.456875
1/10/20,42,22,32,35.49125
1/11/20,59,34,46.5,37.435625
1/12/20,34,20,27,38.345
1/13/20,31,20,25.5,37.715
1/14/20,36,23,29.5,37.611875
1/15/20,38,32,35,37.6475
1/16/20,33,14,23.5,37.11125
1/17/20,14,-1,6.5,35.8625
1/18/20,20,-1,9.5,36.54125
1/19/20,29,12,20.5,34.795625
1/20/20,18,1,9.5,35.669375
1/21/20,20,-4,8,35.519375
1/22/20,34,20,27,34.259375
1/23/20,37,17,27,33.7625
1/24/20,41,20,30.5,34.251875
1/25/20,42,23,32.5,34.18625
1/26/20,39,33,36,34.371875
1/27/20,37,32,34.5,34.73375
1/28/20,32,28,30,34.881875
1/29/20,28,11,19.5,35.6975
1/30/20,27,6,16.5,36.02375
1/31/20,34,11,22.5,35.49875
2/1/20,33,26,29.5,34.660625
2/2/20,33,25,29,35.114375
2/3/20,40,29,34.5,35.12375
2/4/20,36,26,31,34.85
2/5/20,34,18,26,34.80875
2/6/20,27,19,23,35.219375
2/7/20,27,17,22,34.701875
2/8/20,17,-4,6.5,33.636875
2/9/20,28,-9,9.5,34.87625
2/10/20,37,26,31.5,33.3575
2/11/20,36,24,30,33.99125
2/12/20,37,31,34,34.098125
2/13/20,35,11,23,34.255625
2/14/20,11,-7,2,34.17125
2/15/20,24,-10,7,33.764375
2/16/20,37,24,30.5,32.64875
2/17/20,34,10,22,33.575
2/18/20,40,10,25,33.86375
2/19/20,39,17,28,33.17375
2/20/20,19,3,11,33.95375
2/21/20,27,-4,11.5,33.918125
2/22/20,39,22,30.5,32.83625
2/23/20,45,19,32,33.464375
2/24/20,51,36,43.5,33.839375
2/25/20,39,34,36.5,33.98
2/26/20,35,29,32,34.01
2/27/20,42,25,33.5,33.989375
2/28/20,30,23,26.5,33.089375
2/29/20,25,14,19.5,33.389375
3/1/20,28,11,19.5,32.95625
3/2/20,46,18,32,33.0875
3/3/20,53,35,44,33.89375
3/4/20,46,37,41.5,34.446875
3/5/20,44,30,37,34.80125
3/6/20,41,28,34.5,35.290625
3/7/20,33,19,26,34.518125
3/8/20,48,23,35.5,34.51217391
3/9/20,65,41,53,35.22875
3/10/20,57,37,47,35.645
3/11/20,36,27,31.5,35.725625
3/12/20,49,29,39,35.594375
3/13/20,53,39,46,36.11375
3/14/20,48,33,40.5,35.6
3/15/20,34,19,26.5,35.384375
3/16/20,41,16,28.5,35.481875
3/17/20,44,34,39,35.5373913
3/18/20,47,31,39,35.5373913
3/19/20,51,34,42.5,36.69255814
3/20/20,66,37,51.5,37.330625
3/21/20,36,23,29.5,37.255625
3/22/20,34,18,26,36.26375
3/23/20,39,19,29,35.76875
3/24/20,40,27,33.5,35.68625
3/25/20,47,23,35,36.215
3/26/20,56,32,44,36.40625
3/27/20,52,30,41,37.116875
3/28/20,55,25,40,37.055
3/29/20,49,39,44,37.33625
3/30/20,46,37,41.5,37.394375
3/31/20,50,30,40,37.139375
4/1/20,48,26,37,37.7675
4/2/20,43,36,39.5,38.20625
4/3/20,50,40,45,38.526875
4/4/20,56,38,47,38.609375
4/5/20,56,38,47,38.255
4/6/20,58,33,45.5,38.7875
4/7/20,59,32,45.5,39.6275
4/8/20,53,37,45,39.951875
4/9/20,49,39,44,39.95
4/10/20,40,35,37.5,39.070625
4/11/20,48,33,40.5,38.748125
4/12/20,58,34,46,39.336875
4/13/20,64,47,55.5,40.394375
4/14/20,50,38,44,40.221875
4/15/20,46,33,39.5,40.428125
4/16/20,44,30,37,40.229375
4/17/20,45,31,38,39.273125
4/18/20,51,30,40.5,39.66875
4/19/20,59,30,44.5,40.791875
4/20/20,47,30,38.5,41.10125
4/21/20,51,27,39,40.705625
4/22/20,40,26,33,39.411875
4/23/20,51,29,40,39.485
4/24/20,57,29,43,40.559375
4/25/20,62,42,52,40.806875
4/26/20,59,37,48,40.229375
4/27/20,46,40,43,40.3175
4/28/20,57,39,48,40.86125
4/29/20,67,33,50,40.893125
4/30/20,53,47,50,41.853125
5/1/20,68,46,57,42.42875
5/2/20,67,36,51.5,41.9075
5/3/20,76,51,63.5,45.273125
5/4/20,58,43,50.5,45.47375
5/5/20,53,37,45,42.696875
5/6/20,58,34,46,41.61125
5/7/20,63,34,48.5,43.731875
5/8/20,53,34,43.5,45.36125
5/9/20,41,32,36.5,43.525625
5/10/20,53,38,45.5,42.280625
5/11/20,53,37,45,43.694375
5/12/20,51,35,43,43.2125
5/13/20,58,33,45.5,43.02645161
5/14/20,69,33,51,43.07
5/15/20,72,52,62,46.9925
5/16/20,63,51,57,43.885625
5/17/20,69,50,59.5,43.926875
5/18/20,70,51,60.5,45.485
5/19/20,73,39,56,44.18
5/20/20,75,45,60,49.2725
5/21/20,80,55,67.5,51.33875
5/22/20,87,49,68,51.17375
5/23/20,79,54,66.5,50.5925
5/24/20,80,50,65,50.705
5/25/20,79,60,69.5,52.716875
5/26/20,92,66,79,53.793125
5/27/20,95,72,83.5,56.52125
5/28/20,87,72,79.5,58.439375
5/29/20,87,67,77,59.75375
5/30/20,74,53,63.5,59.88875
5/31/20,54,45,49.5,56.42375
6/1/20,61,39,50,54.528125
6/2/20,67,42,54.5,55.15625
6/3/20,62,55,58.5,54.89375
6/4/20,84,51,67.5,55.1975
6/5/20,90,61,75.5,58.709375
6/6/20,84,57,70.5,58.731875
6/7/20,71,53,62,53.22875
6/8/20,73,49,61,54.72875
6/9/20,71,56,63.5,56.860625
6/10/20,81,55,68,59.4875
6/11/20,85,59,72,60.96125
6/12/20,79,54,66.5,61.5725
6/13/20,57,46,51.5,59.92625
6/14/20,67,50,58.5,59.159375
6/15/20,75,48,61.5,60.209375
6/16/20,83,49,66,61.115
6/17/20,88,55,71.5,63.509375
6/18/20,92,58,75,65.16875
6/19/20,91,71,81,68.95625
6/20/20,94,66,80,72.02375
6/21/20,94,68,81,74.624375
6/22/20,96,68,82,76.563125
6/23/20,96,72,84,78.21595745
6/24/20,83,65,74,76.35125
6/25/20,83,59,71,74.36
6/26/20,85,64,74.5,70.41125
6/27/20,82,66,74,69.7475
6/28/20,80,66,73,69.425
6/29/20,71,65,68,65.81
6/30/20,80,65,72.5,64.33625
7/1/20,82,64,73,65.635625
7/2/20,92,65,78.5,69.539375
7/3/20,86,67,76.5,68.42375
7/4/20,87,65,76,69.02375
7/5/20,87,62,74.5,70.990625
7/6/20,87,60,73.5,72.90125
7/7/20,89,61,75,73.293125
7/8/20,88,70,79,74.3225
7/9/20,95,67,81,75.239375
7/10/20,95,75,85,76.364375
7/11/20,89,74,81.5,75.914375
7/12/20,85,69,77,75.2825
7/13/20,82,66,74,73.745
7/14/20,79,65,72,72.07625
7/15/20,83,64,73.5,70.9625
7/16/20,81,65,73,73.02875
7/17/20,85,63,74,71.3675
7/18/20,93,67,80,72.42125
7/19/20,95,70,82.5,73.188125
7/20/20,91,75,83,73.465625
7/21/20,83,64,73.5,73.638125
7/22/20,82,63,72.5,72.35
7/23/20,83,68,75.5,74.0525
7/24/20,85,64,74.5,72.771875
7/25/20,89,62,75.5,74.691875
7/26/20,92,66,79,77.30375
7/27/20,93,73,83,77.699375
7/28/20,91,70,80.5,78.250625
7/29/20,86,65,75.5,78.36875
7/30/20,85,66,75.5,77.36
7/31/20,85,61,73,76.758125
8/1/20,88,62,75,76.6775
8/2/20,86,69,77.5,76.64
8/3/20,81,67,74,76.274375
8/4/20,71,65,68,74.82125
8/5/20,82,62,72,74.073125
8/6/20,81,55,68,73.80125
8/7/20,82,58,70,73.585625
8/8/20,87,61,74,75.095
8/9/20,85,66,75.5,75.246875
8/10/20,90,68,79,76.31
8/11/20,92,71,81.5,78.485
8/12/20,88,67,77.5,77.474375
8/13/20,87,63,75,77.215625
8/14/20,84,62,73,76.263125
8/15/20,86,58,72,74.46875
8/16/20,83,63,73,75.921875
8/17/20,76,62,69,75.79625
8/18/20,80,59,69.5,75.66875
8/19/20,75,56,65.5,75.2525
8/20/20,77,51,64,74.38898876
8/21/20,78,65,71.5,74.555
8/22/20,81,62,71.5,74.375
8/23/20,87,59,73,74.06
8/24/20,85,68,76.5,74.883125
8/25/20,83,62,72.5,74.673125
8/26/20,70,52,61,72.329375
8/27/20,66,48,57,70.585625
8/28/20,77,60,68.5,70.8125
8/29/20,76,59,67.5,70.475
8/30/20,71,60,65.5,69.655625
8/31/20,74,53,63.5,69.74
9/1/20,77,56,66.5,70.195625
9/2/20,76,64,70,69.335
9/3/20,79,61,70,70.046
9/4/20,78,60,69,70.74909091
9/5/20,76,54,65,69.815
9/6/20,74,51,62.5,69.813125
9/7/20,80,54,67,68.9675
9/8/20,81,63,72,68.70875
9/9/20,79,59,69,68.571875
9/10/20,83,55,69,68.1875
9/11/20,64,47,55.5,65.624375
9/12/20,73,43,58,65.110625
9/13/20,74,58,66,65.93375
9/14/20,68,47,57.5,65.838125
9/15/20,63,40,51.5,64.80875
9/16/20,74,55,64.5,63.56
9/17/20,67,50,58.5,63.14375
9/18/20,60,41,50.5,62.766875
9/19/20,58,34,46,61.300625
9/20/20,60,35,47.5,60.595625
9/21/20,64,34,49,60.149375
9/22/20,64,36,50,60.505625
9/23/20,76,43,59.5,59.901875
9/24/20,78,51,64.5,60.90125
9/25/20,73,50,61.5,61.1075
9/26/20,82,51,66.5,61.385
9/27/20,80,68,74,62.37125
9/28/20,77,69,73,62.3075
9/29/20,78,58,68,62.688125
9/30/20,67,55,61,61.585625
10/1/20,69,51,60,61.341875
10/2/20,57,46,51.5,60.798125
10/3/20,59,46,52.5,60.621875
10/4/20,62,44,53,60.396875
10/5/20,66,47,56.5,60.27875
10/6/20,67,51,59,60.49625
10/7/20,61,52,56.5,59.740625
10/8/20,53,35,44,58.011875
10/9/20,59,30,44.5,57.5675
10/10/20,74,53,63.5,57.936875
10/11/20,58,36,47,58.154375
10/12/20,62,32,47,57.276875
10/13/20,53,48,50.5,57.03875
10/14/20,67,43,55,57.2825
10/15/20,78,44,61,57.378125
10/16/20,55,47,51,57.265625
10/17/20,57,37,47,56.770625
10/18/20,60,36,48,56.009375
10/19/20,58,54,56,55.42625
10/20/20,59,48,53.5,55.750625
10/21/20,68,47,57.5,55.59125
10/22/20,60,46,53,55.9576087
10/23/20,76,53,64.5,56.5475
10/24/20,65,43,54,56.838125
10/25/20,45,34,39.5,54.843125
10/26/20,47,39,43,53.8625
10/27/20,45,33,39,53.455625
10/28/20,52,35,43.5,53.0825
10/29/20,47,35,41,53.12
10/30/20,38,24,31,51.9275
10/31/20,43,20,31.5,51.243125
11/1/20,52,37,44.5,49.7462
11/2/20,42,31,36.5,49.364375
11/3/20,37,29,33,48.1775
11/4/20,56,30,43,48.914375
11/5/20,67,53,60,49.619375
11/6/20,69,55,62,51.205625
11/7/20,71,44,57.5,51.940625
11/8/20,72,43,57.5,52.39625
11/9/20,71,39,55,52.4675
11/10/20,72,47,59.5,52.5875
11/11/20,68,60,64,53.106875
11/12/20,60,31,45.5,52.634375
11/13/20,42,28,35,50.808125
11/14/20,44,26,35,49.71125
11/15/20,46,24,35,48.875
11/16/20,46,37,41.5,48.78875
11/17/20,41,27,34,47.85875
11/18/20,27,18,22.5,46.270625
11/19/20,46,18,32,45.53
11/20/20,56,46,51,46.32125
11/21/20,54,35,44.5,47.69375
11/22/20,42,25,33.5,47.024375
11/23/20,45,35,40,46.683125
11/24/20,36,22,29,45.88625
11/25/20,45,24,34.5,45.8525
11/26/20,52,39,45.5,46.76
11/27/20,48,42,45,47.706875
11/28/20,45,35,40,47.414375
11/29/20,48,32,40,46.735625
11/30/20,55,31,43,46.9325
12/1/20,66,41,53.5,47.710625
12/2/20,41,32,36.5,46.595
12/3/20,45,29,37,45.633125
12/4/20,45,40,42.5,45.7025
12/5/20,40,30,35,46.01
12/6/20,31,28,29.5,44.08625
12/7/20,28,25,26.5,43.525625
12/8/20,26,22,24,42.94625
12/9/20,33,23,28,43.24625
12/10/20,38,29,33.5,43.229375
12/11/20,45,30,37.5,43.52967742
12/12/20,46,34,40,44.67125
12/13/20,52,32,42,44.553125
12/14/20,36,30,33,43.9925
12/15/20,32,10,21,41.958125
12/16/20,15,5,10,40.293125
12/17/20,18,7,12.5,40.443125
12/18/20,20,3,11.5,39.993125
12/19/20,26,1,13.5,39.884375
12/20/20,34,25,29.5,38.99
12/21/20,38,33,35.5,41.05625
12/22/20,39,28,33.5,42.42125
12/23/20,36,21,28.5,40.8725
12/24/20,55,36,45.5,40.4075
12/25/20,65,38,51.5,43.68125
12/26/20,38,25,31.5,42.125
12/27/20,33,25,29,40.866875
12/28/20,42,32,37,40.229375
12/29/20,34,15,24.5,39.933125
12/30/20,36,13,24.5,39.051875
12/31/20,40,24,32,38.86625
1/1/21,34,25,29.5,39.175625
1/2/21,33,26,29.5,39.06125
1/3/21,32,28,30,38.99
1/4/21,36,30,33,38.87
1/5/21,32,27,29.5,38.564375
1/6/21,29,23,26,38.075
1/7/21,29,22,25.5,38.15
1/8/21,25,11,18,37.88
1/9/21,28,12,20,38.148125
1/10/21,28,14,21,38.14625
1/11/21,30,11,20.5,37.93625
1/12/21,35,29,32,36.955625
1/13/21,34,30,32,36.640625
1/14/21,37,32,34.5,36.741875
1/15/21,39,22,30.5,37.495625
1/16/21,39,33,36,37.476875
1/17/21,37,32,34.5,37.420625
1/18/21,32,17,24.5,37.21625
1/19/21,29,10,19.5,37.600625
1/20/21,29,3,16,37.04375
1/21/21,31,4,17.5,36.27125
1/22/21,34,21,27.5,35.74625
1/23/21,21,10,15.5,35.2625
1/24/21,20,8,14,34.540625
1/25/21,26,1,13.5,36.43625
1/26/21,31,18,24.5,35.279375
1/27/21,28,25,26.5,35.043125
1/28/21,25,8,16.5,35.845625
1/29/21,10,2,6,34.075625
1/30/21,12,-3,4.5,35.380625
1/31/21,15,-7,4,35.87
2/1/21,19,-6,6.5,35.58125
2/2/21,28,13,20.5,34.99625
2/3/21,31,26,28.5,34.971875
2/4/21,35,16,25.5,35.556875
2/5/21,39,14,26.5,35.264375
2/6/21,32,22,27,34.145
2/7/21,30,11,20.5,34.176875
2/8/21,24,8,16,33.790625
2/9/21,25,9,17,34.236875
2/10/21,25,8,16.5,33.873125
2/11/21,22,6,14,33.87875
2/12/21,13,-2,5.5,34.540625
2/13/21,15,-5,5,34.94375
2/14/21,29,9,19,34.791875
2/15/21,23,9,16,34.59125
2/16/21,35,16,25.5,34.626875
2/17/21,23,10,16.5,33.509375
2/18/21,25,9,17,34.1075
2/19/21,30,16,23,34.18625
2/20/21,27,15,21,34.364375
2/21/21,31,12,21.5,34.566875
2/22/21,33,10,21.5,33.288125
2/23/21,39,32,35.5,33.5975
2/24/21,44,35,39.5,34.236875
2/25/21,43,22,32.5,34.225625
2/26/21,33,17,25,34.655
2/27/21,42,23,32.5,34.3925
2/28/21,44,29,36.5,34.716875
3/1/21,42,12,27,34.180625
3/2/21,21,4,12.5,32.23625
3/3/21,30,17,23.5,32.42
3/4/21,29,18,23.5,32.82875
3/5/21,24,12,18,32.39
3/6/21,24,15,19.5,32.33375
3/7/21,29,13,21,33.07625
3/8/21,34,6,20,34.05125
3/9/21,42,26,34,33.05
3/10/21,52,23,37.5,33.6875
3/11/21,64,45,54.5,35.0975
3/12/21,56,29,42.5,36.02375
3/13/21,37,22,29.5,35.10125
3/14/21,33,15,24,34.43782609
3/15/21,20,8,14,32.8625
3/16/21,38,10,24,33.996875
3/17/21,53,23,38,33.820625
3/18/21,44,26,35,34.435625
3/19/21,31,17,24,33.993125
3/20/21,56,19,37.5,34.326875
3/21/21,64,25,44.5,35.073125
3/22/21,68,28,48,35.440625
3/23/21,70,31,50.5,36.051875
3/24/21,59,42,50.5,36.471875
3/25/21,73,53,63,38.19875
3/26/21,69,41,55,37.055
3/27/21,49,33,41,37.518125
3/28/21,50,34,42,37.27625
3/29/21,46,29,37.5,36.835625
3/30/21,64,26,45,37.41125
3/31/21,63,41,52,38.66586957
4/1/21,42,25,33.5,37.634375
4/2/21,35,23,29,36.314375
4/3/21,50,20,35,36.905
4/4/21,54,28,41,37.435625
4/5/21,56,38,47,38.3075
4/6/21,59,36,47.5,39.575
4/7/21,63,41,52,40.2875
4/8/21,73,39,56,40.083125
4/9/21,76,48,62,41.79125
4/10/21,77,54,65.5,41.39375
4/11/21,72,48,60,40.645625
4/12/21,66,49,57.5,41.264375
4/13/21,67,41,54,43.355
4/14/21,70,49,59.5,43.11125
4/15/21,55,41,48,42.599375
4/16/21,42,35,38.5,42.066875
4/17/21,50,36,43,41.774375
4/18/21,57,36,46.5,41.9375
4/19/21,63,40,51.5,43.030625
4/20/21,57,41,49,43.13375
4/21/21,44,30,37,42.35375
4/22/21,40,28,34,40.311875
4/23/21,59,38,48.5,40.61375
4/24/21,70,35,52.5,41.345
4/25/21,60,41,50.5,42.33875
4/26/21,49,31,40,42.12125
4/27/21,63,29,46,41.855
4/28/21,63,46,54.5,43.29875
4/29/21,58,49,53.5,42.06125
4/30/21,54,38,46,44.279375
5/1/21,53,36,44.5,42.91625
5/2/21,65,43,54,43.383125
5/3/21,51,44,47.5,43.116875
5/4/21,57,44,50.5,42.693125
5/5/21,61,49,55,44.170625
5/6/21,60,39,49.5,44.61875
5/7/21,64,34,49,43.131875
5/8/21,60,48,54,44.33
5/9/21,65,43,54,45.618125
5/10/21,65,48,56.5,46.48625
5/11/21,60,42,51,49.503125
5/12/21,64,43,53.5,49.214375
5/13/21,70,42,56,51.44
5/14/21,77,44,60.5,51.62375
5/15/21,78,45,61.5,53.345
5/16/21,75,49,62,54.1175
5/17/21,81,48,64.5,55.1075
5/18/21,80,56,68,57.19608696
5/19/21,83,51,67,57.43625
5/20/21,92,57,74.5,60.681875
5/21/21,90,69,79.5,63.7775
5/22/21,87,68,77.5,63.749375
5/23/21,76,49,62.5,59.88875
5/24/21,73,42,57.5,55.50875
5/25/21,81,56,68.5,59.31125
5/26/21,87,69,78,54.621875
5/27/21,70,48,59,54.515
5/28/21,52,42,47,49.698125
5/29/21,68,45,56.5,51.98
5/30/21,60,45,52.5,49.73
5/31/21,61,49,55,49.188125
6/1/21,77,47,62,51.786875
6/2/21,82,54,68,55.555625
6/3/21,71,63,67,55.986875
6/4/21,83,65,74,57.156875
6/5/21,88,67,77.5,59.106875
6/6/21,95,67,81,60.4025
6/7/21,96,70,83,62.628125
6/8/21,88,73,80.5,66.86
6/9/21,86,66,76,64.206875
6/10/21,74,59,66.5,59.778125
6/11/21,70,59,64.5,62.06375
6/12/21,82,54,68,61.21625
6/13/21,86,54,70,64.3775
6/14/21,72,62,67,64.893125
6/15/21,79,57,68,64.68875
6/16/21,71,52,61.5,61.701875
6/17/21,78,50,64,62.871875
6/18/21,81,51,66,62.34875
6/19/21,84,63,73.5,63.404375
6/20/21,85,59,72,64.345625
6/21/21,92,67,79.5,65.735
6/22/21,71,55,63,64.638125
6/23/21,73,48,60.5,63.363125
6/24/21,81,50,65.5,64.535
6/25/21,82,63,72.5,64.641875
6/26/21,79,69,74,64.85375
6/27/21,94,75,84.5,65.695625
6/28/21,93,76,84.5,65.4725
6/29/21,93,74,83.5,66.820625
6/30/21,85,70,77.5,69.415625
7/1/21,77,67,72,67.870625
7/2/21,69,61,65,63.633125
7/3/21,63,58,60.5,65.4575
7/4/21,71,59,65,63.28625
7/5/21,82,55,68.5,64.675625
7/6/21,89,70,79.5,67.848125
7/7/21,74,59,66.5,66.70625
7/8/21,72,58,65,65.316875
7/9/21,76,61,68.5,66.348125
7/10/21,79,56,67.5,66.15125
7/11/21,82,55,68.5,66.94625
7/12/21,82,66,74,68.939375
7/13/21,76,65,70.5,71.40863158
7/14/21,83,71,77,71.0075
7/15/21,87,67,77,71.710625
7/16/21,80,67,73.5,72.048125
7/17/21,77,65,71,70.26125
7/18/21,72,63,67.5,70.154375
7/19/21,81,65,73,68.665625
7/20/21,82,64,73,71.78
7/21/21,68,59,63.5,70.544375
7/22/21,79,55,67,69.209375
7/23/21,80,59,69.5,71.26625
7/24/21,83,57,70,72.179375
7/25/21,85,66,75.5,72.786875
7/26/21,86,66,76,72.895625
7/27/21,76,62,69,73.034375
7/28/21,77,57,67,71.09
7/29/21,75,54,64.5,70.3475
7/30/21,71,61,66,70.34
7/31/21,75,58,66.5,68.493125
8/1/21,68,58,63,68.654375
8/2/21,76,56,66,68.41625
8/3/21,80,53,66.5,68.465
8/4/21,82,57,69.5,69.8375
8/5/21,83,63,73,71.080625
8/6/21,87,61,74,71.954375
8/7/21,88,66,77,73.353125
8/8/21,87,65,76,73.709375
8/9/21,88,71,79.5,73.6025
8/10/21,88,71,79.5,74.585
8/11/21,90,75,82.5,75.11375
8/12/21,88,75,81.5,75.785
8/13/21,92,70,81,76.495625
8/14/21,83,64,73.5,76.761875
8/15/21,75,56,65.5,75.385625
8/16/21,80,52,66,74.140625
8/17/21,73,59,66,74.470625
8/18/21,78,71,74.5,73.923125
8/19/21,76,71,73.5,73.863125
8/20/21,87,72,79.5,73.518125
8/21/21,92,69,80.5,74.4275
8/22/21,89,73,81,76.859375
8/23/21,85,72,78.5,74.46125
8/24/21,90,69,79.5,76.428125
8/25/21,90,66,78,78.141875
8/26/21,94,73,83.5,78.970625
8/27/21,77,63,70,77.01875
8/28/21,71,63,67,73.9025
8/29/21,77,66,71.5,74.039375
8/30/21,86,67,76.5,73.836875
8/31/21,81,63,72,74.256875
9/1/21,72,57,64.5,73.40375
9/2/21,71,56,63.5,71.650625
9/3/21,72,58,65,69.7925
9/4/21,77,57,67,69.663125
9/5/21,73,58,65.5,70.2575
9/6/21,71,57,64,69.636875
9/7/21,75,57,66,69.846875
9/8/21,83,63,73,70.510625
9/9/21,72,63,67.5,69.935
9/10/21,68,52,60,69.45125
9/11/21,76,52,64,68.57375
9/12/21,79,60,69.5,68.3
9/13/21,75,56,65.5,68.275625
9/14/21,76,52,64,68.22125
9/15/21,80,60,70,68.49875
9/16/21,75,54,64.5,68.03
9/17/21,77,59,68,68.328125
9/18/21,78,53,65.5,68.436875
9/19/21,69,48,58.5,67.8275
9/20/21,77,48,62.5,67.304375
9/21/21,76,62,69,67.285625
9/22/21,81,62,71.5,67.31375
9/23/21,86,72,79,67.74875
9/24/21,77,56,66.5,67.784375
9/25/21,73,52,62.5,67.263125
9/26/21,70,55,62.5,66.891875
9/27/21,63,54,58.5,65.585
9/28/21,62,45,53.5,65.073125
9/29/21,57,45,51,64.379375
9/30/21,62,47,54.5,63.708125
10/1/21,65,46,55.5,63.3725
10/2/21,59,52,55.5,62.999375
10/3/21,61,56,58.5,62.84
10/4/21,64,55,59.5,62.759375
10/5/21,66,54,60,62.915
10/6/21,70,51,60.5,63.8525
10/7/21,74,48,61,64.23875
10/8/21,74,51,62.5,64.47875
10/9/21,68,52,60,64.053125
10/10/21,68,51,59.5,63.09125
10/11/21,73,55,64,63.156875
10/12/21,76,54,65,63.610625
10/13/21,73,54,63.5,63.90875
10/14/21,71,63,67,63.831875
10/15/21,73,59,66,64.11125
10/16/21,77,57,67,64.1975
10/17/21,62,50,56,63.126875
10/18/21,51,46,48.5,61.289375
10/19/21,54,44,49,59.825
10/20/21,69,41,55,60.464375
10/21/21,64,50,57,60.7475
10/22/21,64,39,51.5,60.3275
10/23/21,50,35,42.5,59.519375
10/24/21,56,31,43.5,59.013125
10/25/21,49,42,45.5,58.56875
10/26/21,57,48,52.5,58.360625
10/27/21,54,42,48,57.666875
10/28/21,53,35,44,56.463125
10/29/21,58,32,45,56.15375
10/30/21,56,43,49.5,56.04125
10/31/21,55,50,52.5,56.01125
11/1/21,56,42,49,55.375625
11/2/21,50,37,43.5,55.08125
11/3/21,44,31,37.5,54.779375
11/4/21,44,28,36,54.254375
11/5/21,47,26,36.5,54.014375
11/6/21,50,27,38.5,53.628125
11/7/21,55,27,41,53.7224
11/8/21,60,32,46,53.97125
11/9/21,59,37,48,54.138125
11/10/21,57,33,45,54.0575
11/11/21,52,31,41.5,53.466875
11/12/21,56,37,46.5,53.07125
11/13/21,51,34,42.5,52.428125
11/14/21,48,36,42,51.884375
11/15/21,42,36,39,51.69125
11/16/21,41,27,34,50.328125
11/17/21,51,25,38,49.88821053
11/18/21,61,43,52,50.41625
11/19/21,44,34,39,49.668125
11/20/21,42,24,33,48.873125
11/21/21,49,38,43.5,48.93875
11/22/21,47,33,40,48.68
11/23/21,33,26,29.5,47.0375
11/24/21,38,20,29,47.200625
11/25/21,42,25,33.5,47.36
11/26/21,41,31,36,47.135
11/27/21,31,25,28,45.57125
11/28/21,30,13,21.5,45.095
11/29/21,29,17,23,45.47
11/30/21,32,16,24,44.61125
12/1/21,38,25,31.5,44.759375
12/2/21,46,25,35.5,44.571875
12/3/21,40,23,31.5,44.313125
12/4/21,36,16,26,43.623125
12/5/21,33,26,29.5,44.32625
12/6/21,53,30,41.5,44.14625
12/7/21,40,25,32.5,43.5725
12/8/21,28,22,25,43.154375
12/9/21,25,18,21.5,42.933125
12/10/21,40,19,29.5,42.528125
12/11/21,56,33,44.5,43.925
12/12/21,46,36,41,44.016875
12/13/21,49,37,43,43.533125
12/14/21,46,23,34.5,43.585625
12/15/21,43,23,33,42.985625
12/16/21,61,43,52,43.4825
12/17/21,60,36,48,44.384375
12/18/21,36,27,31.5,43.25375
12/19/21,27,18,22.5,41.954375
12/20/21,30,15,22.5,41.091875
12/21/21,37,23,30,40.4075
12/22/21,38,22,30,40.56125
12/23/21,22,10,16,39.59375
12/24/21,29,12,20.5,38.928125
12/25/21,33,25,29,40.075625
12/26/21,31,24,27.5,39.91625
12/27/21,29,22,25.5,39.389375
12/28/21,37,25,31,39.434375
12/29/21,33,29,31,39.7025
12/30/21,40,29,34.5,39.7025
12/31/21,38,31,34.5,39.8525
1/1/22,45,32,38.5,40.484375
1/2/22,34,13,23.5,40.13
1/3/22,13,0,6.5,38.343125
1/4/22,29,-1,14,37.9025
1/5/22,38,28,33,36.51875
1/6/22,37,27,32,38.024375
1/7/22,27,12,19.5,37.615625
1/8/22,21,3,12,37.17875
1/9/22,38,20,29,36.3125
1/10/22,29,5,17,35.508125
1/11/22,7,-6,0.5,35.91875
1/12/22,27,7,17,34.244375
1/13/22,32,23,27.5,35.60375
1/14/22,24,-3,10.5,36.6275
1/15/22,0,-9,-4.5,35.5025
1/16/22,22,-11,5.5,35.553125
1/17/22,30,19,24.5,33.771875
1/18/22,24,-6,9,33.760625
1/19/22,38,-6,16,34.295
1/20/22,38,0,19,34.29875
1/21/22,6,-12,-3,35.76125
1/22/22,20,-14,3,35.451875
1/23/22,26,9,17.5,33.021875
1/24/22,17,-7,5,34.58
1/25/22,29,12,20.5,34.08875
1/26/22,14,-9,2.5,34.596875
1/27/22,25,-12,6.5,34.008125
1/28/22,26,-2,12,33.1025
1/29/22,7,-4,1.5,33.573125
1/30/22,20,-8,6,33.955625
1/31/22,25,2,13.5,33.87875
2/1/22,33,2,17.5,33.408125
2/2/22,42,29,35.5,32.699375
2/3/22,42,15,28.5,33.33875
2/4/22,15,10,12.5,32.675
2/5/22,16,-5,5.5,33.10625
2/6/22,23,-7,8,33.018125
2/7/22,36,23,29.5,32.241875
2/8/22,33,23,28,32.8325
2/9/22,40,13,26.5,32.91125
2/10/22,42,36,39,32.85875
2/11/22,48,31,39.5,33.198125
2/12/22,46,12,29,33.4025
2/13/22,14,5,9.5,33.081875
2/14/22,13,3,8,33.1925
2/15/22,21,2,11.5,32.598125
2/16/22,42,5,23.5,32.463125
2/17/22,51,34,42.5,32.79875
2/18/22,34,11,22.5,32.898125
2/19/22,30,11,20.5,32.24375
2/20/22,33,6,19.5,32.12
2/21/22,41,24,32.5,32.09375
2/22/22,52,21,36.5,32.3225
2/23/22,57,14,35.5,32.63375
2/24/22,23,9,16,32.53625
2/25/22,21,7,14,32.504375
2/26/22,25,2,13.5,32.4125
2/27/22,35,14,24.5,32.6375
2/28/22,18,3,10.5,32.699375
3/1/22,33,4,18.5,32.838125
3/2/22,34,15,24.5,32.7125
3/3/22,27,9,18,32.81
3/4/22,28,-3,12.5,32.80625
3/5/22,37,13,25,32.585
3/6/22,64,37,50.5,32.6525
3/7/22,47,35,41,32.68625
3/8/22,37,24,30.5,32.97125
3/9/22,39,24,31.5,33.224375
3/10/22,47,26,36.5,33.41
3/11/22,47,27,37,33.621875
3/12/22,45,20,32.5,33.501875
3/13/22,30,17,23.5,32.90978261
3/14/22,44,26,35,33.021875
3/15/22,43,33,38,33.160625
3/16/22,52,33,42.5,33.19625
3/17/22,65,45,55,33.528125
3/18/22,60,40,50,33.4325
3/19/22,54,38,46,33.513125
3/20/22,50,39,44.5,33.47375
3/21/22,50,33,41.5,33.606875
3/22/22,42,30,36,33.74
3/23/22,44,24,34,34.35875
3/24/22,48,37,42.5,34.11125
3/25/22,53,40,46.5,33.72875
3/26/22,50,38,44,33.824375
3/27/22,41,20,30.5,33.90875
3/28/22,20,13,16.5,33.374375
3/29/22,33,19,26,33.366875
3/30/22,41,18,29.5,34.26875
3/31/22,59,38,48.5,34.14875
4/1/22,55,34,44.5,34.304375
4/2/22,47,31,39,34.82
4/3/22,48,31,39.5,35.069375
4/4/22,52,32,42,35.661875
4/5/22,58,34,46,35.88451613
4/6/22,66,37,51.5,36.33125
4/7/22,54,42,48,36.471875
4/8/22,53,38,45.5,36.5675
4/9/22,43,37,40,36.231875
4/10/22,48,38,43,36.033125
4/11/22,59,30,44.5,36.8375
4/12/22,66,43,54.5,38.001875
4/13/22,56,40,48,38.541875
4/14/22,68,41,54.5,37.98125
4/15/22,63,37,50,38.48375
4/16/22,50,39,44.5,37.300625
4/17/22,47,32,39.5,37.83125
4/18/22,55,28,41.5,38.853125
4/19/22,43,33,38,39.16625
4/20/22,50,33,41.5,38.87
4/21/22,59,31,45,38.69375
4/22/22,56,40,48,38.121875
4/23/22,51,30,40.5,38.67875
4/24/22,62,40,51,38.4725
4/25/22,72,50,61,39.73625
4/26/22,62,49,55.5,40.165625
4/27/22,49,38,43.5,38.6525
4/28/22,51,35,43,39.16625
4/29/22,56,35,45.5,40.015625
4/30/22,58,32,45,40.968125
5/1/22,67,34,50.5,40.53125
5/2/22,61,43,52,41.763125
5/3/22,66,51,58.5,42.31625
5/4/22,56,51,53.5,43.615625
5/5/22,63,43,53,42.23
5/6/22,62,39,50.5,42.040625
5/7/22,64,37,50.5,41.06375
5/8/22,68,38,53,41.82125
5/9/22,75,39,57,44.1125
5/10/22,77,43,60,45.828125
5/11/22,83,49,66,46.925
5/12/22,89,51,70,48.164375
5/13/22,88,64,76,53.504375
5/14/22,88,68,78,52.3025
5/15/22,76,65,70.5,53.54375
5/16/22,84,58,71,55.810625
5/17/22,64,49,56.5,58.019375
5/18/22,65,46,55.5,54.693125
5/19/22,57,43,50,55.135625
5/20/22,81,47,64,55.559375
5/21/22,89,68,78.5,56.03375
5/22/22,87,56,71.5,53.253125
5/23/22,64,49,56.5,49.300625
5/24/22,68,43,55.5,50.93375
5/25/22,74,47,60.5,50.073125
5/26/22,77,59,68,52.461875
5/27/22,78,65,71.5,51.0575
5/28/22,74,54,64,51.689375
5/29/22,81,53,67,51.98375
5/30/22,85,55,70,55.19375
5/31/22,77,61,69,54.276875
6/1/22,64,57,60.5,53.3525
6/2/22,68,59,63.5,55.244375
6/3/22,77,57,67,54.36125
6/4/22,81,52,66.5,56.96375
6/5/22,75,52,63.5,59.3
6/6/22,80,51,65.5,58.47125
6/7/22,83,65,74,60.089375
6/8/22,77,60,68.5,59.725625
6/9/22,65,55,60,58.01375
6/10/22,72,56,64,57.858125
6/11/22,78,52,65,59.8325
6/12/22,82,55,68.5,61.829375
6/13/22,79,59,69,62.084375
6/14/22,81,53,67,60.640625
6/15/22,80,57,68.5,62.324375
6/16/22,78,65,71.5,63.32375
6/17/22,82,55,68.5,63.505625
6/18/22,55,50,52.5,61.92875
6/19/22,71,50,60.5,54.51125
6/20/22,77,47,62,56.2175
6/21/22,71,52,61.5,56.931875
6/22/22,72,60,66,59.5175
6/23/22,67,60,63.5,59.110625
6/24/22,83,60,71.5,59.135
6/25/22,90,59,74.5,60.876875
6/26/22,92,65,78.5,62.72
6/27/22,81,66,73.5,65.6075
6/28/22,77,60,68.5,65.1275
6/29/22,81,56,68.5,65.819375
6/30/22,78,56,67,65.553125
7/1/22,88,67,77.5,67.881875
7/2/22,84,68,76,68.121875
7/3/22,80,60,70,68.995625
7/4/22,80,56,68,68.489375
7/5/22,71,58,64.5,69.79625
7/6/22,77,60,68.5,68.245625
7/7/22,82,55,68.5,67.266875
7/8/22,81,59,70,67.9325
7/9/22,74,55,64.5,64.859375
7/10/22,81,50,65.5,66.078125
7/11/22,87,59,73,68.96375
7/12/22,86,69,77.5,70.450625
7/13/22,83,65,74,70.04
7/14/22,76,59,67.5,68.33
7/15/22,84,56,70,68.774375
7/16/22,88,60,74,70.836875
7/17/22,91,63,77,72.71
7/18/22,79,67,73,73.8425
7/19/22,90,69,79.5,74.25125
7/20/22,93,69,81,74.93
7/21/22,92,75,83.5,75.515
7/22/22,91,67,79,76.28
7/23/22,93,65,79,75.764375
7/24/22,91,69,80,76.4
7/25/22,87,70,78.5,76.01375
7/26/22,80,63,71.5,75.378125
7/27/22,82,59,70.5,75.126875
7/28/22,87,63,75,74.97875
7/29/22,84,66,75,75.03326316
7/30/22,76,60,68,74.800625
7/31/22,86,61,73.5,74.58875
8/1/22,89,65,77,75.5975
8/2/22,82,64,73,75.756875
8/3/22,85,57,71,75.155
8/4/22,83,74,78.5,75.310625
8/5/22,82,70,76,75.0425
8/6/22,93,67,80,75.185
8/7/22,92,77,84.5,77.931875
8/8/22,80,68,74,76.92125
8/9/22,76,63,69.5,73.74875
8/10/22,78,64,71,72.4025
8/11/22,81,61,71,74.781875
8/12/22,72,57,64.5,74.035625
8/13/22,77,55,66,72.60125
8/14/22,81,53,67,73.0625
8/15/22,84,54,69,74.133125
8/16/22,85,59,72,73.57625
8/17/22,81,62,71.5,73.214375
8/18/22,78,61,69.5,71.97875
8/19/22,88,63,75.5,72.54125
8/20/22,92,62,77,74.92625
8/21/22,90,70,80,75.05
8/22/22,85,73,79,75.0125
8/23/22,79,69,74,75.29
8/24/22,85,67,76,75.4925
8/25/22,78,65,71.5,76.11875
8/26/22,76,63,69.5,73.97375
8/27/22,76,59,67.5,73.731875
8/28/22,84,55,69.5,74.06
8/29/22,87,71,79,75.1693617
8/30/22,89,66,77.5,75.32
8/31/22,77,61,69,74.894375
9/1/22,67,51,59,73.1975
9/2/22,77,47,62,72.2375
9/3/22,83,56,69.5,72.785
9/4/22,73,58,65.5,72.411875
9/5/22,62,58,60,70.851875
9/6/22,69,61,65,70.109375
9/7/22,77,61,69,70.5875
9/8/22,81,57,69,71.575625
9/9/22,83,57,70,72.1175
9/10/22,85,58,71.5,72.591875
9/11/22,83,61,72,73.08125
9/12/22,83,66,74.5,73.349375
9/13/22,76,63,69.5,73.188125
9/14/22,78,57,67.5,72.543125
9/15/22,64,49,56.5,70.5575
9/16/22,66,48,57,69.0725
9/17/22,69,45,57,68.5925
9/18/22,73,57,65,68.70125
9/19/22,70,57,63.5,68.091875
9/20/22,64,56,60,67.4525
9/21/22,70,56,63,67.026875
9/22/22,70,50,60,66.760625
9/23/22,55,45,50,64.293125
9/24/22,67,41,54,62.238125
9/25/22,59,46,52.5,62.170625
9/26/22,69,56,62.5,62.60375
9/27/22,61,53,57,62.45
9/28/22,64,54,59,62.21375
9/29/22,57,41,49,61.895
9/30/22,64,38,51,61.533125
10/1/22,65,44,54.5,61.83125
10/2/22,57,40,48.5,60.318125
10/3/22,59,34,46.5,58.439375
10/4/22,61,38,49.5,58.795625
10/5/22,70,44,57,59.309375
10/6/22,75,44,59.5,60.00875
10/7/22,67,46,56.5,60.44
10/8/22,52,40,46,59.073125
10/9/22,54,40,47,58.00625
10/10/22,56,36,46,57.49625
10/11/22,63,33,48,57.36125
10/12/22,71,41,56,58.04375
10/13/22,71,52,61.5,58.195625
10/14/22,63,44,53.5,58.353125
10/15/22,68,41,54.5,58.1075
10/16/22,63,41,52,58.115
10/17/22,58,38,48,57.845
10/18/22,58,44,51,57.56375
10/19/22,54,36,45,56.66
10/20/22,50,42,46,55.278125
10/21/22,59,39,49,55.34
10/22/22,69,50,59.5,55.446875
10/23/22,69,41,55,56.039375
10/24/22,67,49,58,56.380625
10/25/22,75,59,67,57.245
10/26/22,78,59,68.5,58.030625
10/27/22,62,40,51,57.8975
10/28/22,51,31,41,55.6025
10/29/22,62,31,46.5,55.025
10/30/22,65,31,48,55.1225
10/31/22,63,39,51,54.786875
11/1/22,63,46,54.5,55.199375
11/2/22,61,38,49.5,55.08875
11/3/22,68,34,51,54.8075
11/4/22,69,54,61.5,54.783125
11/5/22,74,60,67,55.458125
11/6/22,76,62,69,56.3234
11/7/22,67,47,57,55.941875
11/8/22,47,34,40.5,53.69375
11/9/22,52,27,39.5,53.159375
11/10/22,64,47,55.5,51.98947368
11/11/22,69,56,62.5,52.95875
11/12/22,71,49,60,53.965625
11/13/22,49,34,41.5,52.91375
11/14/22,39,27,33,50.519375
11/15/22,38,24,31,50.391875
11/16/22,37,32,34.5,50.04125
11/17/22,36,28,32,48.95
11/18/22,39,27,33,48.5
11/19/22,38,29,33.5,48.340625
11/20/22,33,19,26,47.410625
11/21/22,42,15,28.5,45.925625
11/22/22,41,28,34.5,46.596875
11/23/22,37,31,34,47.549375
11/24/22,44,24,34,47.1125
11/25/22,47,38,42.5,47.106875
11/26/22,49,36,42.5,47.135
11/27/22,54,32,43,47.556875
11/28/22,41,33,37,47.376875
11/29/22,36,32,34,46.47875
11/30/22,50,34,42,45.91625
12/1/22,38,31,34.5,45.220625
12/2/22,42,27,34.5,45.216875
12/3/22,50,39,44.5,44.796875
12/4/22,39,30,34.5,45.29375
12/5/22,43,32,37.5,44.099375
12/6/22,52,41,46.5,44.87375
12/7/22,56,44,50,46.27625
12/8/22,44,31,37.5,45.989375
12/9/22,32,19,25.5,44.793125
12/10/22,25,14,19.5,43.476875
12/11/22,32,18,25,44.11625
12/12/22,26,12,19,43.08875
12/13/22,30,10,20,42.606875
12/14/22,29,19,24,41.624375
12/15/22,40,19,29.5,42.72875
12/16/22,39,33,36,42.86375
12/17/22,35,29,32,42.61625
12/18/22,34,28,31,42.250625
12/19/22,33,25,29,41.69
12/20/22,32,21,26.5,41.031875
12/21/22,31,17,24,41.226875
12/22/22,39,18,28.5,41.57221053
12/23/22,56,14,35,42.1625
12/24/22,14,8,11,38.88875
12/25/22,27,12,19.5,37.25375
12/26/22,27,20,23.5,38.0975
12/27/22,30,23,26.5,38.135
12/28/22,35,26,30.5,38.676875
12/29/22,48,30,39,40.859375
12/30/22,58,45,51.5,42.09125
12/31/22,55,51,53,42.7625
1/1/23,51,38,44.5,42.880625
1/2/23,45,30,37.5,42.28625
1/3/23,42,28,35,41.80625
1/4/23,37,35,36,41.61125
1/5/23,45,33,39,41.3225
1/6/23,45,33,39,41.16125
1/7/23,38,21,29.5,40.878125
1/8/23,30,19,24.5,39.813125
1/9/23,36,19,27.5,39.215
1/10/23,36,15,25.5,38.736875
1/11/23,28,11,19.5,38.706875
1/12/23,37,28,32.5,38.3825
1/13/23,37,24,30.5,38.16125
1/14/23,24,21,22.5,37.38125
1/15/23,23,15,19,37.525625
1/16/23,24,14,19,37.56875
1/17/23,36,20,28,37.7525
1/18/23,38,29,33.5,37.791875
1/19/23,35,28,31.5,37.589375
1/20/23,36,27,31.5,37.505
1/21/23,30,23,26.5,37.22375
1/22/23,31,28,29.5,37.2125
1/23/23,31,29,30,37.023125
1/24/23,37,29,33,36.96125
1/25/23,32,19,25.5,37.026875
1/26/23,34,25,29.5,36.831875
1/27/23,35,20,27.5,36.756875
1/28/23,41,31,36,36.460625
1/29/23,40,19,29.5,36.531875
1/30/23,22,14,18,37.02125
1/31/23,22,7,14.5,37.15625
2/1/23,23,-2,10.5,36.55625
2/2/23,32,19,25.5,34.480625
2/3/23,24,-14,5,32.76125
2/4/23,10,-15,-2.5,32.223125
2/5/23,39,10,24.5,32.144375
2/6/23,39,14,26.5,33.55625
2/7/23,37,6,21.5,34.7825
2/8/23,44,28,36,33.935
2/9/23,42,23,32.5,33.95
2/10/23,45,36,40.5,34.47875
2/11/23,37,25,31,34.835
2/12/23,45,28,36.5,34.955
2/13/23,46,24,35,35.688125
2/14/23,46,28,37,36.280625
2/15/23,57,28,42.5,36.66125
2/16/23,56,35,45.5,37.0925
2/17/23,35,18,26.5,36.69531915
2/18/23,33,13,23,36.21875
2/19/23,45,31,38,36.344375
2/20/23,46,28,37,36.348125
2/21/23,42,17,29.5,36.141875
2/22/23,37,20,28.5,36.276875
2/23/23,20,16,18,35.67125
2/24/23,17,7,12,35.174375
2/25/23,13,-6,3.5,34.9775
2/26/23,29,0,14.5,34.0025
2/27/23,28,17,22.5,34.233125
2/28/23,36,24,30,34.161875
3/1/23,40,28,34,34.26875
3/2/23,39,33,36,34.544375
3/3/23,33,22,27.5,34.634375
3/4/23,35,30,32.5,34.758125
3/5/23,40,30,35,35.106875
3/6/23,40,28,34,35.70875
3/7/23,30,24,27,35.335625
3/8/23,32,24,28,35.200625
3/9/23,34,23,28.5,35.52875
3/10/23,34,15,24.5,35.7125
3/11/23,33,22,27.5,35.778125
3/12/23,46,16,31,35.88369565
3/13/23,41,29,35,35.988125
3/14/23,36,32,34,35.38625
3/15/23,39,30,34.5,35.28125
3/16/23,37,20,28.5,35.350625
3/17/23,45,34,39.5,35.665625
3/18/23,42,29,35.5,35.811875
3/19/23,31,21,26,35.170625
3/20/23,45,22,33.5,35.035625
3/21/23,46,30,38,35.4875
3/22/23,43,26,34.5,36.123125
3/23/23,47,35,41,36.1625
3/24/23,43,30,36.5,36.366875
3/25/23,40,26,33,35.991875
3/26/23,45,35,40,36.01625
3/27/23,49,28,38.5,36.393125
3/28/23,45,28,36.5,37.405625
3/29/23,52,24,38,36.944375
3/30/23,37,21,29,36.93125
3/31/23,42,21,31.5,36.1475
4/1/23,68,35,51.5,37.098125
4/2/23,39,25,32,37.938125
4/3/23,55,24,39.5,36.850625
4/4/23,51,36,43.5,37.03234043
4/5/23,50,35,42.5,37.244375
4/6/23,66,47,56.5,38.204375
4/7/23,47,33,40,38.10875
4/8/23,45,28,36.5,38.2775
4/9/23,54,24,39,37.908125
4/10/23,66,28,47,38.8025
4/11/23,70,51,60.5,40.5875
4/12/23,64,46,55,40.5125
4/13/23,88,46,67,40.161875
4/14/23,77,54,65.5,40.2575
4/15/23,85,47,66,41.7725
4/16/23,83,59,71,43.7225
4/17/23,64,47,55.5,44.646875
4/18/23,50,41,45.5,42.755
4/19/23,50,36,43,42.876875
4/20/23,52,37,44.5,41.920625
4/21/23,78,41,59.5,40.90625
4/22/23,66,50,58,42.47375
4/23/23,53,45,49,42.678125
4/24/23,50,43,46.5,43.296875
4/25/23,55,39,47,44.34125
4/26/23,61,34,47.5,45.03125
4/27/23,60,41,50.5,43.8125
4/28/23,67,36,51.5,44.249375
4/29/23,60,48,54,45.935
4/30/23,59,47,53,45.475625
5/1/23,57,40,48.5,45.400625
5/2/23,56,40,48,44.841875
5/3/23,54,47,50.5,44.995625
5/4/23,53,45,49,44.77625
5/5/23,64,44,54,43.810625
5/6/23,73,40,56.5,44.594375
5/7/23,76,45,60.5,46.47125
5/8/23,64,44,54,46.7225
5/9/23,62,36,49,43.40375
5/10/23,74,36,55,44.605625
5/11/23,80,48,64,50.474375
5/12/23,82,56,69,50.7875
5/13/23,73,48,60.5,49.900625
5/14/23,64,43,53.5,46.041875
5/15/23,73,37,55,48.1175
5/16/23,73,42,57.5,52.145
5/17/23,48,33,40.5,44.52231579
5/18/23,64,29,46.5,45.036875
5/19/23,74,52,63,49.29875
5/20/23,74,58,66,49.42625
5/21/23,73,50,61.5,50.2175
5/22/23,65,45,55,49.885625
5/23/23,78,41,59.5,50.620625
5/24/23,68,44,56,53.0675
5/25/23,63,42,52.5,50.230625
5/26/23,71,39,55,49.653125
5/27/23,82,44,63,51.648125
5/28/23,89,52,70.5,54.891875
5/29/23,79,54,66.5,54.34625
5/30/23,84,54,69,55.825625
5/31/23,89,64,76.5,58.225625
6/1/23,96,58,77,59.403125
6/2/23,91,59,75,57.978125
6/3/23,68,51,59.5,52.0625
6/4/23,66,47,56.5,50.13125
6/5/23,73,50,61.5,50.080625
6/6/23,71,49,60,52.251875
6/7/23,60,52,56,52.26987013
6/8/23,62,51,56.5,54.815
6/9/23,68,51,59.5,55.045625
6/10/23,72,53,62.5,57.325625
6/11/23,82,51,66.5,59.89625
6/12/23,87,64,75.5,60.69875
6/13/23,74,64,69,62.79125
6/14/23,75,59,67,61.840625
6/15/23,81,60,70.5,64.3325
6/16/23,77,59,68,65.590625
6/17/23,62,59,60.5,63.505625
6/18/23,63,54,58.5,56.36
6/19/23,74,51,62.5,59.575625
6/20/23,80,53,66.5,59.410625
6/21/23,82,58,70,61.53125
6/22/23,84,58,71,64.6925
6/23/23,87,58,72.5,67.22375
6/24/23,79,71,75,69.974375
6/25/23,83,69,76,70.011875
6/26/23,85,67,76,69.87125
6/27/23,80,66,73,71.129375
6/28/23,78,65,71.5,70.578125
6/29/23,74,64,69,69.98
6/30/23,86,61,73.5,70.65875
7/1/23,86,66,76,72.3575
7/2/23,73,66,69.5,71.425625
7/3/23,79,68,73.5,70.401875
7/4/23,90,67,78.5,70.443125
7/5/23,92,65,78.5,71.51
7/6/23,93,72,82.5,74.928125
7/7/23,87,71,79,77.643125
7/8/23,89,68,78.5,77.28125
7/9/23,86,63,74.5,76.70375
7/10/23,71,67,69,76.296875
7/11/23,86,67,76.5,71.94517647
7/12/23,84,65,74.5,74.894375
7/13/23,90,64,77,74.25875
7/14/23,84,64,74,74.19875
7/15/23,87,65,76,74.444375
7/16/23,84,70,77,76.0775
7/17/23,87,70,78.5,75.981875
7/18/23,85,68,76.5,76.07
7/19/23,82,63,72.5,75.6725
7/20/23,84,60,72,75.01242105
7/21/23,81,65,73,76.870625
7/22/23,78,63,70.5,75.2675
7/23/23,85,59,72,75.2375
7/24/23,85,62,73.5,75.305
7/25/23,84,66,75,75.588125
7/26/23,87,68,77.5,75.99875
7/27/23,80,68,74,75.846875
7/28/23,91,66,78.5,75.696875
7/29/23,75,58,66.5,74.55875
7/30/23,77,57,67,71.913125
7/31/23,74,57,65.5,72.66125
8/1/23,74,52,63,71.78
8/2/23,78,51,64.5,71.50625
8/3/23,77,60,68.5,72.190625
8/4/23,71,63,67,70.78625
8/5/23,79,58,68.5,70.655
8/6/23,82,56,69,70.96625
8/7/23,74,63,68.5,71.496875
8/8/23,77,68,72.5,71.474375
8/9/23,83,66,74.5,71.579375
8/10/23,83,61,72,71.76875
8/11/23,77,59,68,71.538125
8/12/23,81,58,69.5,71.57
8/13/23,81,67,74,71.871875
8/14/23,79,64,71.5,72.194375
8/15/23,80,63,71.5,72.06125
8/16/23,79,66,72.5,73.1825
8/17/23,83,67,75,73.32125
8/18/23,76,62,69,73.068125
8/19/23,65,60,62.5,72.0275
8/20/23,81,60,70.5,71.46125
8/21/23,74,59,66.5,71.598125
8/22/23,76,53,64.5,70.420625
8/23/23,79,53,66,70.821875
8/24/23,81,54,67.5,72.03125
8/25/23,74,61,67.5,71.32625
8/26/23,78,63,70.5,71.2025
8/27/23,72,59,65.5,70.165625
8/28/23,81,56,68.5,70.1075
8/29/23,82,66,74,71.470625
8/30/23,81,60,70.5,71.455625
8/31/23,69,53,61,70.09625
9/1/23,76,50,63,69.228125
9/2/23,79,53,66,70.5425
9/3/23,84,68,76,70.31375
9/4/23,90,64,77,71.13125
9/5/23,90,69,79.5,71.943125
9/6/23,92,69,80.5,73.11875
9/7/23,89,69,79,74.999375
9/8/23,84,69,76.5,76.0475
9/9/23,75,63,69,72.520625
9/10/23,70,63,66.5,71.95625
9/11/23,67,62,64.5,69.08375
9/12/23,79,61,70,69.768125
9/13/23,71,58,64.5,71.879375
9/14/23,70,53,61.5,70.625
9/15/23,69,51,60,69.61625
9/16/23,73,54,63.5,68.49125
9/17/23,74,50,62,67.799375
9/18/23,64,58,61,68.418125
9/19/23,64,60,62,67.4975
9/20/23,70,50,60,66.86638298
9/21/23,71,47,59,66.96125
9/22/23,75,47,61,67.3025
9/23/23,71,52,61.5,68.043125
9/24/23,72,53,62.5,67.69625
9/25/23,72,49,60.5,66.92375
9/26/23,67,48,57.5,66.43625
9/27/23,69,45,57,66.280625
9/28/23,74,46,60,66.261875
9/29/23,66,51,58.5,66.2825
9/30/23,73,53,63,66.11391304